adiSoyadi,siraNo,protokolNo,servisID,servisAdi,ipAdres,oncelikNedeni,kullanici_adi,sifre
Giustino Skellorne,61,384224,2456,Rhyloo,95.26.159.250,Diğer,gskellorne0,xZ7+#C?~Np
Una Christoforou,36,169086,1776,Skyble,213.187.49.49,Hasta İstegi,uchristoforou1,bK8.>X/<Z?T0
Jayme Rapi,94,520360,9897,Skiba,66.181.239.161,65 Yaş Üstü,jrapi2,eM7%b2NCKZe
Ted Ffrench,85,607015,7495,Pixonyx,7.162.133.236,65 Yaş Üstü,tffrench3,gS2%.B%fBx)r`
Natividad Gravener,6,475231,7756,Yata,118.162.10.147,Acil,ngravener4,"fU1?f4,z/)u&&$"
Adrea Curgenven,6,544947,1515,Riffpedia,107.219.223.94,65 Yaş Üstü,acurgenven5,gW1@.I>~vg
Bendick Lutz,7,852145,6521,Dabjam,204.208.245.214,Acil,blutz6,jC1/qL5XqX*>
Skelly Trighton,16,499601,4950,Kwinu,228.185.94.154,Diğer,strighton7,wK3|S>B9qwqsh?7&
Vinnie Cottam,45,203142,7735,Tanoodle,125.196.128.180,Diğer,vcottam8,fM2/wEu=W
Alejandrina MacAlpine,17,293476,1354,Jabberbean,138.98.254.243,Diğer,amacalpine9,nT7)ufW8#
Twila Candlish,79,165052,547,Gabtune,75.223.141.188,Hasta İstegi,tcandlisha,cR5#=Jgm(}gJzSUV
Liv Kaine,60,657150,5873,LiveZ,182.5.30.60,Acil,lkaineb,zM5~i'Ltnv>7/D
Artur Battram,39,801263,847,Skynoodle,144.180.80.125,Diğer,abattramc,qU6\Gpn>(
Cherish Peachment,37,125963,4418,Zoomzone,75.222.241.52,Hasta İstegi,cpeachmentd,pE9<@?RSp\KXI'
Sarine Corson,19,800698,6963,Realmix,194.219.78.159,65 Yaş Üstü,scorsone,vJ2.ZnO#/u
Brynn Cardello,80,164952,7282,Ntags,144.85.84.194,Acil,bcardellof,wH6}Ane*i(Md(
Jena Runciman,51,855826,5,Zooxo,160.2.103.108,65 Yaş Üstü,jruncimang,zM9}el{7}p
De Astle,23,957200,2167,Wordpedia,68.38.215.48,Acil,dastleh,"hQ6><1""V*WLh&g"
Carley Morgan,30,207854,1560,Lazzy,146.207.183.130,Hasta İstegi,cmorgani,"yC3,9bhA2"
Roberto Massingham,13,615174,3835,Linktype,73.237.11.100,Acil,rmassinghamj,kK4)Md6%{9e9s_f
Addie Pay,49,119862,9508,Quamba,63.248.174.100,65 Yaş Üstü,apayk,"jY6\Z,}d"
Stern Goodinge,76,573107,3759,Feedbug,175.247.179.126,Hasta İstegi,sgoodingel,"kB3(,xL9J8PrzwMd"
Darda Kmiec,50,905294,853,Photobug,137.35.59.223,Diğer,dkmiecm,"oG9,CV{oZ>9s$w"
Shelton Hegel,50,313514,6356,Voonte,196.227.28.56,65 Yaş Üstü,shegeln,bZ1~wK6k
Haley Mullarkey,52,266250,6066,Fivechat,20.169.107.119,Diğer,hmullarkeyo,rZ6)?\29Y'\MwF
Ethelind Greenin,76,955884,2593,Voonder,130.233.205.72,Hasta İstegi,egreeninp,zA3&(u&f<
Zebulen Baise,14,162485,8214,Quimm,241.105.145.202,Acil,zbaiseq,qS8|'p(b%#{
Teri Grinnikov,47,169541,9616,Devbug,115.160.134.120,Diğer,tgrinnikovr,"xE1>\`,|X%%luV>w"
Tyrus Seilmann,61,980375,7551,Gigabox,56.248.194.210,Acil,tseilmanns,iA9~<xA/WK*
Jamill Rozanski,56,306255,1000,Viva,193.32.169.89,Acil,jrozanskit,"eP6\vK{\em2xw,v"
Carma Sessuns,21,534156,8207,Aibox,70.153.216.112,Acil,csessunsu,hI6?S_sBa!QwC{'
Christel Rowan,61,47426,8679,Fatz,97.216.102.78,Hasta İstegi,crowanv,"hN8""lPLr9V)"
Fernande Corrison,68,250866,6633,InnoZ,62.214.188.44,Diğer,fcorrisonw,pT2~z.DTZ3}LQ_Z
Augie Brockwell,58,522403,9663,Skipstorm,103.233.47.182,65 Yaş Üstü,abrockwellx,zJ6%}hIGNC+
Tiler Falco,58,385453,5965,Devbug,144.88.136.55,Acil,tfalcoy,oG3>e.K.3zgvv
Roanna Pash,35,710128,4004,Youspan,155.101.37.146,Hasta İstegi,rpashz,iQ4@w!ilr
Adelind Ziemke,66,472630,8422,Gigabox,254.166.176.176,Diğer,aziemke10,rX6.ZiF`jYax&|sD
Winfield Mechi,82,873892,6720,Miboo,236.190.44.187,65 Yaş Üstü,wmechi11,gV2_?08\V1B
Saxe Brislen,9,914935,255,Kwilith,198.202.169.39,Hasta İstegi,sbrislen12,jI4!m'gQU4%4mhe%
Geno Grigorio,85,122917,5758,Topiczoom,142.88.152.118,Diğer,ggrigorio13,"jP7)=bk3""w"
Faye Imlen,72,888444,2810,Devcast,163.170.1.130,Hasta İstegi,fimlen14,"aC7,@+65/#&Os"
Karisa Taggerty,81,441550,9431,Fatz,77.119.227.228,65 Yaş Üstü,ktaggerty15,"bG8}m""Wuxo"
Mahmud Doche,58,251324,8790,Voolith,121.142.56.55,Acil,mdoche16,mQ3)Myi)jf}el
Dolph Vitte,45,19038,9498,Flashspan,137.176.18.29,65 Yaş Üstü,dvitte17,xI0_r'UE|@e
Rayshell Barnsley,68,320796,1759,Dabshots,28.31.154.22,Hasta İstegi,rbarnsley18,hJ7%=wC?
Howard Grahlman,6,26991,6624,Digitube,8.34.154.199,Acil,hgrahlman19,"zV5(O8Y)WM#,CwFH"
Aharon Lambrecht,38,172008,7412,Oyoyo,168.6.187.52,Acil,alambrecht1a,wR6.#`I/%<}
Norrie MacInherney,24,5454,1072,Twitterbridge,195.236.31.82,65 Yaş Üstü,nmacinherney1b,fY6%10/P/nM>vxv
Hersch Martinelli,10,151871,3570,Feedbug,143.19.174.51,Diğer,hmartinelli1c,"iF3\Bf+i~Xf,D"
Adham Broadwell,12,649640,2444,Geba,189.52.242.10,Acil,abroadwell1d,hO0#/qtX&>Q
Burlie Schoular,95,594186,9018,Edgeify,87.216.202.33,Diğer,bschoular1e,"tL7?ed""pO12iKebC"
Clevey Iacopini,30,724726,1028,LiveZ,130.74.255.235,Hasta İstegi,ciacopini1f,"yT3(1""+v,{"
Xylia Rossey,25,800383,3838,Quinu,141.40.215.92,65 Yaş Üstü,xrossey1g,kH2>%?i$k'f0
Robina Allner,17,809296,2,Wikibox,150.157.150.236,Hasta İstegi,rallner1h,"xI6="">ECeM.hjwV"
Dorie Skiplorne,38,902683,7545,Trupe,17.67.186.113,Diğer,dskiplorne1i,kA5&0me=
Hadleigh Costen,64,953078,5571,Twitterlist,52.39.75.138,Hasta İstegi,hcosten1j,eJ2}6RM/Bfqw
Gaultiero Curl,66,963453,4134,Aivee,148.248.146.56,Hasta İstegi,gcurl1k,"lD2)!41EhA(,u"
Yetty Penlington,91,864389,9731,Twinder,16.233.172.146,Hasta İstegi,ypenlington1l,xQ6$FpjEM'~z3e
Lion Fritchly,57,872912,360,Flipbug,171.94.70.218,65 Yaş Üstü,lfritchly1m,eB5`2<mb_W
Corry Shurville,39,347263,6903,LiveZ,168.160.253.107,65 Yaş Üstü,cshurville1n,zG7~y~!Scn%4w*cZ
Delphine Engelbrecht,66,64407,7152,Topdrive,146.172.116.161,Acil,dengelbrecht1o,zR0`1mXnuU$_4V|
Joli Sandercock,84,121167,5288,Yata,245.53.44.164,65 Yaş Üstü,jsandercock1p,rQ0/3)Jg=uNjCX
Hadleigh Neathway,70,298071,7437,Buzzster,202.223.227.17,Acil,hneathway1q,"jA1,yQN4NO"
Melonie Fain,93,755210,9960,Wikibox,50.119.60.255,Acil,mfain1r,rX6+w%OHF
Lind Pitson,45,919369,3997,Quatz,140.246.153.254,Hasta İstegi,lpitson1s,sD9&rOn>1G?&&O
Clarita Coviello,57,79313,3233,Linkbridge,251.184.66.169,Hasta İstegi,ccoviello1t,cH2>e6V*>sL/6C
Robinet Thamelt,52,526439,5703,Realmix,83.145.106.180,Diğer,rthamelt1u,mC5}ijoYf_a$Yc
Palmer Archard,87,773717,5099,Wordpedia,251.109.153.36,Diğer,parchard1v,vT9+7TPo{Zc}Eku
Aleen Damerell,9,163763,1099,Tagcat,104.218.45.37,Hasta İstegi,adamerell1w,"sY5=b,e4l2(=@AK"
Lucius Stoffler,76,321781,135,Voolia,199.102.122.116,Diğer,lstoffler1x,fE6*DRk_tYJv
Silva Hollidge,38,633111,4169,Bluezoom,27.169.110.196,Acil,shollidge1y,iW8`sV|8Ai!S
Fin Moodie,15,926913,7717,Minyx,151.97.170.14,Hasta İstegi,fmoodie1z,dG5(.rkD>3(I
Pauly Ewing,21,884440,730,Shuffletag,32.114.160.137,Diğer,pewing20,nH8)g(qk/yZE{
Robena Ducaen,43,764174,2158,Devpulse,58.41.223.219,Acil,rducaen21,eZ8*jG+w&
Cassy Bradbury,5,485130,4036,Digitube,41.79.175.65,Diğer,cbradbury22,iY9(w23KIT>11EE
Eada Mc Andrew,2,404481,439,Jaxworks,56.242.103.184,Hasta İstegi,emc23,"wL1{leH3S,Fl$&"
Domenico Battill,73,413671,8670,Realbuzz,214.164.80.187,Diğer,dbattill24,fF5{n2@a/z+F4O
Gill Heighway,80,554861,9877,Rhynyx,14.227.70.32,Hasta İstegi,gheighway25,iS3.ep\%n<
Alric Waddilove,56,811127,7926,Quinu,196.158.235.79,Diğer,awaddilove26,vP5%3&dVQ*.!&
Meagan Henryson,45,487803,6158,Miboo,30.113.56.158,Diğer,mhenryson27,"rO6""LKmX<$<K5G"
Anet Kinnock,96,950498,322,Realfire,141.69.64.202,Acil,akinnock28,rT7`ttc}77Ki
Kelsey Drakers,45,920657,7214,Flipstorm,246.196.146.133,Hasta İstegi,kdrakers29,aX2_EI{(*8/)
Katya Durbridge,91,598364,5116,Demivee,221.254.233.6,Hasta İstegi,kdurbridge2a,yI7)|5c)gq2
Patricia Wackly,40,62960,7524,Blognation,101.183.37.121,65 Yaş Üstü,pwackly2b,cV0>n~k.3PX
Florida Sammars,34,792201,7242,Vitz,172.51.7.223,Hasta İstegi,fsammars2c,"bU7""{z3FN8yro6hE"
Greta Ivey,42,769646,3046,Tanoodle,76.34.175.252,Diğer,givey2d,pO5$2DL=bQ}5
Constancia Augustin,27,808950,2985,Realmix,167.222.82.155,65 Yaş Üstü,caugustin2e,mS4##0bJ
Maynord Luxen,19,875470,3018,Jetpulse,245.7.18.191,65 Yaş Üstü,mluxen2f,"xJ4=fkU""$s"
Raymund Beament,17,557812,2808,Eidel,160.200.172.151,Acil,rbeament2g,"yQ4""LlNA_@3?"
Randall Petschel,40,467506,3048,Avavee,248.176.201.105,Diğer,rpetschel2h,xX9\&Wlb
Isak Logesdale,9,599222,2503,Realcube,4.22.181.102,Acil,ilogesdale2i,"xH5""Qxwn!6kw!x"
Karena Caccavella,7,867869,3233,Yakidoo,22.219.62.245,Diğer,kcaccavella2j,yN3\/#+=
Chico Ashford,32,354029,619,Livefish,58.105.52.16,Diğer,cashford2k,mN0>kq8<
Conant Castane,49,827811,434,Realmix,42.239.144.129,65 Yaş Üstü,ccastane2l,bP5}w<CdU@m&_
Adham Print,40,408572,8510,Kare,233.131.74.109,Acil,aprint2m,tH9*#Ra(c
Dulci Dodshun,41,579768,8193,Youbridge,252.9.174.7,Acil,ddodshun2n,fC7{O}pc>+rv5
Griff Spendlove,83,716755,8285,Skyndu,181.156.142.137,Hasta İstegi,gspendlove2o,lI4_(H7HN
Ximenez Jimes,51,549762,1053,Vimbo,9.36.137.165,Diğer,xjimes2p,nU3+f05zf
Zach Hankey,55,838721,7123,Gevee,80.139.21.196,Hasta İstegi,zhankey2q,mC6`28*@x
Marsiella Saxelby,14,871053,2882,Aivee,179.218.177.122,Acil,msaxelby2r,qM9)U#o/gn3OC
Travus Bussen,46,188343,2130,Voonix,178.85.124.145,65 Yaş Üstü,tbussen2s,jS7_#1?FH
Orlando Kahler,8,632395,2070,Abatz,1.7.98.163,65 Yaş Üstü,okahler2t,"dI4/""dn@agIfR"
Othilia McCreagh,46,840971,2288,Wikizz,213.82.255.131,Diğer,omccreagh2u,sS3)1UH>2X9
Garwood Flicker,34,310248,9844,Eamia,248.204.151.223,65 Yaş Üstü,gflicker2v,sN5=gZh6a9?*
Jemmie Haggett,39,720111,1378,Gigashots,10.195.42.120,Hasta İstegi,jhaggett2w,nO0/'on=~z8R
Jesse Paradyce,46,935727,1640,Voomm,12.211.120.115,65 Yaş Üstü,jparadyce2x,vI6=JiHZj*3j4
Willyt Tipping,42,358913,6869,Snaptags,251.15.236.122,65 Yaş Üstü,wtipping2y,kA6&BYDRU~C)KCr`
Peyter Breagan,1,727817,2987,Zoomdog,212.1.193.24,Diğer,pbreagan2z,oW3&YhsS6P3MR%Y
Mace Athowe,3,39467,5166,Aivee,142.8.192.134,65 Yaş Üstü,mathowe30,gM2*DOV>555}eE
Ashely Orcott,26,673581,1100,Yodoo,145.41.175.160,Hasta İstegi,aorcott31,dH1)hdPH>zgQBTfP
Rennie Wolfenden,85,212898,1739,Jabbersphere,81.73.87.202,65 Yaş Üstü,rwolfenden32,"fY5}/>>,"""
Roosevelt Dann,38,188393,1503,Yakijo,28.167.153.101,Hasta İstegi,rdann33,sA6/Tg~Bx_5
Adi Newbury,65,4056,2224,Wikido,94.205.229.244,Acil,anewbury34,eS2#&kKuMMz
Kikelia Dionsetti,55,120715,1928,Realblab,24.28.180.86,Acil,kdionsetti35,"bN7_\<r*""4"
Teena Findlay,11,256835,3773,Fadeo,203.243.138.42,65 Yaş Üstü,tfindlay36,"fW4=IT4!,{{"
Cory Van Dale,30,394868,2610,Zoomlounge,76.47.94.109,Hasta İstegi,cvan37,"tG5%""VUE"
Marin Prater,29,184734,185,Skaboo,186.233.160.132,Acil,mprater38,dL8+SceN@7l
Geno Blain,79,991509,5232,Buzzbean,22.98.235.16,Diğer,gblain39,cV2$zp_HL@I
Aubert Watkiss,41,581953,56,JumpXS,148.6.122.173,Diğer,awatkiss3a,kY9*ovG*&
Stevana Banton,66,623815,7768,Podcat,211.179.66.16,Hasta İstegi,sbanton3b,"bT3<,3Mz)D(5"
Bryn Gini,65,635590,8087,Oyope,181.64.44.207,Acil,bgini3c,lP6\D%05
Dorian Laingmaid,28,751763,5764,Kanoodle,57.7.244.20,Diğer,dlaingmaid3d,sD2}f$MP!
Jermaine Hazelden,95,923610,2508,Browsezoom,167.137.146.43,Diğer,jhazelden3e,"tJ8""1mbARda7tfOh"
Alyson Widdowes,48,524647,9268,Thoughtsphere,231.159.14.205,Hasta İstegi,awiddowes3f,yX2.Bb|M/A+@/Dq
Holmes Hadwin,32,766731,6926,Skilith,66.85.132.52,65 Yaş Üstü,hhadwin3g,"vH6\+M""PBQ?="
Loise Shearsby,43,270244,1556,Zazio,108.13.240.149,Hasta İstegi,lshearsby3h,yV2/D+%?Q
Tyne Ubank,81,599435,8954,Flashspan,89.164.10.98,65 Yaş Üstü,tubank3i,"sT4.,RRZ04Mnhg9H"
Cherie Burburough,75,300487,5342,Yakitri,204.25.186.224,Hasta İstegi,cburburough3j,kD2(@Y.jc
Rheba Godart,7,905077,7226,Kazu,152.165.136.12,65 Yaş Üstü,rgodart3k,xW3}ZMwSReWfK
Querida Frunks,39,729534,3164,Kamba,59.204.225.202,65 Yaş Üstü,qfrunks3l,rV7>T)SIi
Perren Patis,47,823815,5888,Pixonyx,164.251.229.199,Acil,ppatis3m,fP7|#jFm4v/c/
Shae Sallowaye,36,882662,5835,Topicware,10.202.97.149,Acil,ssallowaye3n,"mK8""N,""4"
Lannie Chaudrelle,54,184902,641,Linklinks,202.208.85.15,Acil,lchaudrelle3o,"bS0!,q.{h_gR"
Drona Balm,2,210174,6149,Jaxworks,114.82.24.179,Diğer,dbalm3p,vE8.sh(sv_=EB#
Alfredo Lamberteschi,65,279257,8907,Npath,80.23.98.153,Diğer,alamberteschi3q,cR2&5%BdF~GtIq6
Allene O' Loughran,69,45846,2071,Edgeblab,68.240.147.182,65 Yaş Üstü,ao3r,tH4+1H&.Zr<'s
Gunter Lownsbrough,66,11330,6013,Flipopia,65.138.166.69,Hasta İstegi,glownsbrough3s,sT5!ekYA.)\5`
Guinna Paramor,35,57870,8387,Trilia,54.158.26.129,Hasta İstegi,gparamor3t,wE2=8t5/OnE}&S`
Stillmann Glasman,42,660572,3169,Dabjam,7.226.97.227,Hasta İstegi,sglasman3u,xI4*FI>'I4?'LR5F
Nicolai Bonifas,67,146481,8043,Photospace,122.70.5.180,Diğer,nbonifas3v,sA1/}p.Wy%lzo_h6
Burke Sodo,30,500267,778,Twitternation,47.244.5.227,65 Yaş Üstü,bsodo3w,sN5{qAP`
Lucita Brogini,7,101518,3043,Youbridge,186.235.150.19,65 Yaş Üstü,lbrogini3x,"wY0{EhrU'KIsY|("""
Sindee Roache,72,823708,6552,Trupe,253.39.46.249,65 Yaş Üstü,sroache3y,zZ9\meXP9`p%I
Karmen McGuigan,69,854625,9206,Yakijo,18.162.38.48,Acil,kmcguigan3z,dP4$SE#~iBf09
Malia Almey,63,403589,7223,Blogpad,198.46.146.76,65 Yaş Üstü,malmey40,vV9$gMR=xalezU>
Gawen Quesne,12,805116,8011,Thoughtbridge,215.150.78.128,65 Yaş Üstü,gquesne41,sK0&R>HLfC&vJK
Deerdre Seldner,9,243556,8192,Roombo,125.185.117.51,65 Yaş Üstü,dseldner42,"oD0""k%FiA}.J"
Colin Vaillant,18,535130,9498,Layo,120.134.142.236,Diğer,cvaillant43,"eY4{~=""8\"
Mariel Hacket,97,978395,5290,Devcast,157.20.49.127,Diğer,mhacket44,wG4*(6`F}XP1+
Carolee Wickling,77,625033,1434,Devify,92.60.101.249,Acil,cwickling45,wK7|b?BgZLOOFG
Cris Feria,83,850003,9663,Skinix,81.71.92.213,Hasta İstegi,cferia46,gT2!QMdf
Zuzana Cadany,99,364986,9675,Kwilith,41.242.40.21,Acil,zcadany47,bQ0?QCpM}z|Ak4
Veronica Daal,14,623441,5525,Vitz,99.160.9.94,Diğer,vdaal48,yQ8&t9qxomROj
Kurt Mutch,16,543079,7953,Chatterbridge,104.238.16.54,65 Yaş Üstü,kmutch49,dZ5?E\xBY4Gq#
Melvin Kenny,75,573785,3696,Rhybox,148.183.234.19,Hasta İstegi,mkenny4a,zY8$=ZWp11#?cZ
Rodolphe Fritz,76,864373,2717,Yata,78.166.194.178,Acil,rfritz4b,mL4`)05+8qE@
Ashli Spickett,43,68576,6713,Skinte,240.216.83.146,65 Yaş Üstü,aspickett4c,gZ6$yzK?&a%m
Alvera Petrashov,6,189301,4828,Linkbuzz,104.128.249.143,65 Yaş Üstü,apetrashov4d,xW2.rh7lZ\M
Jaquith Goulstone,45,658781,3459,Zoovu,11.117.113.39,Diğer,jgoulstone4e,"wO6,~*fl}yKpbE"
Mason Maidstone,45,777485,2618,Rhycero,190.248.200.97,Hasta İstegi,mmaidstone4f,pV0~w}eJ~$om
Maggy Baskerfield,2,476224,2197,Flashset,174.203.69.105,Diğer,mbaskerfield4g,sL0?%D6Yu0x4|<
Saul Castelijn,95,497814,3909,Dabtype,46.155.47.123,Acil,scastelijn4h,"dS6/""i0JvdH4q1K"
Meridel Souley,90,751479,2561,Buzzbean,34.60.117.114,Acil,msouley4i,dC6*C*>2+Tg7(YzC
Elna D'Onisi,30,872258,6626,Feedmix,178.60.60.98,Acil,edonisi4j,oC3}*GrBV
Vin Carme,32,737088,2701,Gigabox,50.233.32.254,Diğer,vcarme4k,nP5\~BD.#$&H
Willetta Harmstone,39,397340,1800,Oloo,42.120.158.68,65 Yaş Üstü,wharmstone4l,eZ6=mD}Dn
Rosene Glyne,49,120190,176,Skinix,148.203.68.109,65 Yaş Üstü,rglyne4m,lV0.X)oMY'45}!}'
Kahaleel Jenik,39,436765,1670,Quatz,77.85.243.23,Diğer,kjenik4n,iK8!qp2lE_kS
Mariana Sugars,56,725696,5352,Jaloo,166.119.111.253,Acil,msugars4o,"iX4""l|!q,<|Of"
Jaquelyn Vonderdell,55,333060,5966,Kwinu,158.145.34.219,Diğer,jvonderdell4p,"aI5{d&UA}wnC,rP)"
Daniele Lutz,12,919593,6678,Talane,30.233.231.180,Diğer,dlutz4q,"qC3~dz,4*Gy{"
Jada Rodriguez,77,941164,8213,Kayveo,85.149.86.136,Diğer,jrodriguez4r,nW9._p=<qx<.RI
Peyter Pea,64,351907,5574,Yombu,58.97.110.34,Acil,ppea4s,bP2.vvCN?83JEs
Dov Thonason,19,906117,6978,LiveZ,177.132.206.36,Diğer,dthonason4t,hV3}Qaw7BUAX
Linnell Bavin,63,361260,2997,Yakidoo,229.97.140.85,Hasta İstegi,lbavin4u,cW7`Avd25AwT
Bryn Coltman,54,304329,9168,Photofeed,17.247.222.140,Acil,bcoltman4v,hP8@eaR!
Flynn MacClinton,70,38926,9483,Tagchat,80.202.31.224,Hasta İstegi,fmacclinton4w,"cJ1""3A\iJ~"
Shannon Casella,64,262937,9650,Blognation,165.64.125.142,Acil,scasella4x,sU0_rl$dc>
Dallon Plascott,68,289515,8363,Zazio,193.118.50.103,Hasta İstegi,dplascott4y,fC6/}aCp&!
Linnet Woliter,58,421981,4400,Eidel,137.46.253.29,Hasta İstegi,lwoliter4z,cK1.o*EV6cS
Dollie Roscow,83,628521,3016,Aibox,135.17.74.151,65 Yaş Üstü,droscow50,fT3>USSRkX_GZ`
Ogden Kirkby,59,164806,2081,Quinu,201.107.37.61,65 Yaş Üstü,okirkby51,kK5/swqBY!I
Pepe Levens,73,596733,8810,Twitternation,108.222.74.97,65 Yaş Üstü,plevens52,fY7}#)?Rn)*p
Bron Byrd,6,880769,2508,Wikivu,19.179.188.111,Hasta İstegi,bbyrd53,mE3|'9/7
Jeralee Ashmole,89,441215,9755,Browsezoom,43.13.69.49,Diğer,jashmole54,xE5.R?ma
Killian Jancey,39,501018,34,Dynazzy,217.235.122.155,Diğer,kjancey55,xP7&x47oP6Q8'yEu
Codee Walshe,51,869436,2821,Yamia,240.105.89.214,Hasta İstegi,cwalshe56,"hK9/G<nr1IXk,"
Livy Adams,13,242621,2435,Voomm,239.168.219.36,Hasta İstegi,ladams57,zO1>x1s~B
Mackenzie Orris,95,885924,222,Meevee,159.235.136.151,65 Yaş Üstü,morris58,bH8<lX9~egS
Jordain Marqyes,54,696717,8394,Gigabox,39.157.124.176,Diğer,jmarqyes59,cG7/TqmzAGmR\arW
Emilia Parysiak,25,620430,9317,Agivu,44.186.38.24,Hasta İstegi,eparysiak5a,"mO8%uzh}3V|,BL"
Alix Labrom,62,418565,6599,Dynava,127.168.70.102,65 Yaş Üstü,alabrom5b,xU3.+iFnF?
Jehanna Lippett,86,264416,5701,Meevee,99.115.211.30,Acil,jlippett5c,"cR8,+M(x>lpr\6$l"
Merle Moughtin,69,369377,2206,Voonte,148.188.238.244,65 Yaş Üstü,mmoughtin5d,yO5*dT(7AZQ?@
Solly Jowett,40,712457,6467,Dazzlesphere,152.219.132.139,Diğer,sjowett5e,eR9(?3R+$
Renato Rigg,18,923193,2080,JumpXS,89.242.224.84,Diğer,rrigg5f,"cP6|D,W0,d/6"
Margi Christoforou,96,493792,9938,Feedspan,253.34.179.34,65 Yaş Üstü,mchristoforou5g,bI4&q*(h
Janka Lambkin,56,940992,112,Twitterbeat,231.170.180.180,Hasta İstegi,jlambkin5h,hF8&{spE(`
Norton Gainsburgh,85,173488,4819,Ntag,80.68.112.122,Diğer,ngainsburgh5i,jN4%2cO2m
Allene McCraine,40,53865,3696,Viva,137.155.95.65,65 Yaş Üstü,amccraine5j,eY6=#\g\_\516SCL
Tommie Skirvin,47,497892,1494,Flashdog,106.237.106.253,65 Yaş Üstü,tskirvin5k,uQ7>kv{F
Brandise Heineke,96,313872,6935,Zooveo,167.23.101.160,Hasta İstegi,bheineke5l,qB1#'L5eXD8v`#
Beryl Scatchard,79,596774,4369,Realcube,219.81.75.185,Diğer,bscatchard5m,"aS3)yC>F""m=wb"
Paco Caizley,98,700222,6842,Jazzy,253.11.82.121,Acil,pcaizley5n,oL7)|mJ4U
Emmett Loiterton,73,581166,5517,Gevee,58.40.164.22,Acil,eloiterton5o,zZ7|8D/>
Minnie Matskevich,20,985665,4267,Shuffletag,109.209.176.73,Hasta İstegi,mmatskevich5p,uY1\ALMTN
Loy Berndtssen,30,246342,7939,Livefish,168.157.120.213,65 Yaş Üstü,lberndtssen5q,pQ3=<V1vqr=QKR
Pauline Daye,44,300306,5292,Nlounge,164.159.40.98,Diğer,pdaye5r,kE7~#Ain
Shoshanna Gapper,32,353549,136,Centimia,0.128.23.102,65 Yaş Üstü,sgapper5s,oH2'FDDv)
Valida Fleetwood,68,839398,1114,Innotype,134.51.182.156,Diğer,vfleetwood5t,lQ8/Alc(jQ
Robenia Leak,43,335680,8452,Jabberstorm,36.138.65.47,Hasta İstegi,rleak5u,bF5%nOu%X_&
Fairlie Blunt,6,305425,4721,Thoughtworks,206.169.142.124,Hasta İstegi,fblunt5v,uV0+jT{~_4tlEOsX
Obadias Fison,79,834571,7684,Trudeo,150.50.125.226,65 Yaş Üstü,ofison5w,iT7{6am.IE&CQG#
Timmy Volage,2,546855,8576,Youopia,212.110.232.172,Diğer,tvolage5x,"bV8|h4""#Hv"
Georgy Dooley,36,771380,2789,Cogilith,39.154.216.15,Diğer,gdooley5y,"hO0,+@k""pB!o7$"
Moritz Crozier,90,692754,7035,Oyoyo,214.103.123.62,Diğer,mcrozier5z,"vZ1{Xq,go#+.\B."
Rodina Arstall,52,949537,4689,Photojam,158.114.80.22,Hasta İstegi,rarstall60,yT6.kn{=
Lew Gregr,86,193831,2034,Riffwire,123.68.128.150,65 Yaş Üstü,lgregr61,kV3*FpXIcY
Reeba Attlee,84,516226,3441,Feedspan,196.106.229.237,Acil,rattlee62,"cO1""GW?)*{"
Hollis Wiltshire,76,79556,831,Feedbug,165.82.106.229,65 Yaş Üstü,hwiltshire63,hR9=R`g76g2wPq
Mariele Arrington,81,151673,8196,Eire,207.43.63.167,Acil,marrington64,tD0#/}|gS6#9Dhh
Mirelle Melendez,48,980840,1737,Edgeify,118.181.251.64,Diğer,mmelendez65,"dE8""XJ@fSz_KBg/J"
Lilah Belsham,93,81074,8181,Realcube,180.89.2.30,Acil,lbelsham66,kQ0+}mAQ
Tracy Filipyev,96,589911,4902,Zoonoodle,185.54.161.184,Acil,tfilipyev67,"vW0?+TD""u<&3S~aZ"
Paddie Bremond,73,394437,5223,Youopia,67.70.215.109,Hasta İstegi,pbremond68,yD2&igQ7!7'XLrR
Buck De Beauchemp,80,570687,1435,Einti,200.251.230.18,Hasta İstegi,bde69,yM3{)x<d
Diena Dumphry,76,498782,5103,Janyx,97.206.57.187,Acil,ddumphry6a,"qI6/@aDV$SpH<PS,"
Les Winsom,18,160795,4527,Latz,156.53.236.129,Hasta İstegi,lwinsom6b,uO8.$aPRLa'.ZSk
Gwyn Candish,100,702460,1931,Wordware,232.46.88.103,Hasta İstegi,gcandish6c,rN7}z\Ga
Sharyl Orgen,91,601849,9156,Voonyx,231.116.85.213,65 Yaş Üstü,sorgen6d,mA6#Mu0{
Matt Napthine,35,912127,5333,Minyx,207.76.146.237,Acil,mnapthine6e,pE8=oG11
Elyn Pencott,38,657244,9125,Divanoodle,248.132.119.158,Acil,epencott6f,xO4>+e!wOPM
Cory Veneur,68,467455,5527,Edgepulse,195.169.12.209,Hasta İstegi,cveneur6g,oV6`KhLtc7%
Julissa Roberson,99,969210,9228,Eadel,107.14.207.76,Hasta İstegi,jroberson6h,"tL6""s{tPA"
Conrad Deery,41,488420,52,Skidoo,233.93.41.99,Acil,cdeery6i,vX0@/p|JooE{c#D#
Vivie Geering,74,250533,6972,Youspan,250.29.121.40,Hasta İstegi,vgeering6j,zB0*{q_lkPo
Drake Saffin,46,190948,1567,Zoomlounge,126.219.15.116,Hasta İstegi,dsaffin6k,"wL7{$)L{)"">nh!"
Ryon Biernacki,23,446060,1042,Jaloo,100.70.42.153,Diğer,rbiernacki6l,"lD8<7IEh9""fh"
Dorothea Runsey,60,235411,8950,Eabox,224.95.176.217,Diğer,drunsey6m,gY3@FxPg{
Donnie Cartmail,68,607993,7298,Youfeed,47.23.170.172,65 Yaş Üstü,dcartmail6n,yA2!7el+?RAQttm
Regine Cree,75,731602,8582,Shuffledrive,242.225.93.157,Diğer,rcree6o,gS6}}2Z}q.vP{$k
Dredi Preator,75,163628,377,Yombu,215.59.54.55,Diğer,dpreator6p,eO3(/rUp$h/tV
Denver Roskelly,79,754734,5438,Tambee,195.58.200.184,Hasta İstegi,droskelly6q,fK2}x>!q>
Osborn Engley,64,851443,3789,Skiba,126.79.82.176,Hasta İstegi,oengley6r,oG7+'>FZT=b
Wyatt Santon,19,134306,2463,Midel,110.36.145.188,Acil,wsanton6s,"aL8""UbCOJb((`"
Emalia Beggan,21,631649,4650,Gigabox,224.254.170.103,Hasta İstegi,ebeggan6t,vG2'qOfx~dE_
Mariejeanne Paramore,41,885793,9152,Mybuzz,69.63.17.16,65 Yaş Üstü,mparamore6u,uU8_dF}t'm!>E
Burgess Battabee,24,526456,8698,Riffpath,27.131.186.95,Acil,bbattabee6v,vI9!ux%`.TO4D&+
Robbert Bertlin,74,636152,3060,Katz,83.120.65.90,Acil,rbertlin6w,aQ6=w<Zo
Cornela Gammage,63,812931,325,Linklinks,103.9.57.153,Acil,cgammage6x,"mD2,ci\MBl"
Consolata McMorran,58,771292,9522,Yambee,210.203.217.27,Acil,cmcmorran6y,lR5+K%x4Huud2
Ferne Dimbylow,83,642590,2219,Meedoo,41.199.148.248,Hasta İstegi,fdimbylow6z,pG6!JcQ1w2yQ
Fabien McQuilkin,6,779293,4659,Tagfeed,95.165.82.196,Diğer,fmcquilkin70,cH8+k1>\S@D~751
Matteo Graves,16,173277,3103,Linkbridge,114.33.220.203,Acil,mgraves71,hE8!DY>P
Phaedra Breadon,93,926008,1773,Oyope,246.208.150.103,Diğer,pbreadon72,mH5/oem\?n<l87<
Rudolf Rudgley,54,836077,9017,Skyndu,239.19.101.139,Hasta İstegi,rrudgley73,iZ5>cl)uaV
Aime Hanaford,5,558915,6503,Rhynyx,31.23.5.132,Diğer,ahanaford74,mG1|Ls0).\&q
Jere Croysdale,38,330626,197,Dynava,16.71.48.194,Hasta İstegi,jcroysdale75,pO0}hh|q9gdI>}b{
Dore McCourt,53,233819,665,Shuffletag,115.227.220.10,Diğer,dmccourt76,tE9?hyEFJ
Nickola Manwell,52,842021,3636,Jabbersphere,186.238.52.172,Hasta İstegi,nmanwell77,zW9.PaR6<
Torey Halden,15,36582,3195,Wikivu,70.63.200.179,65 Yaş Üstü,thalden78,sZ3~9pE<o1u5`h)q
Cecilia Thuillier,100,869389,5593,Gabvine,199.244.3.214,Hasta İstegi,cthuillier79,"sF0'_r""iz"
Giuseppe Liebrecht,7,453726,4032,Lazzy,110.157.254.54,65 Yaş Üstü,gliebrecht7a,zL9@)G=SH!Z
Gerry Wheal,7,307634,8085,Demizz,190.214.66.65,Hasta İstegi,gwheal7b,jN3}G77Dp`Tc
Dionis Kamenar,70,590258,6980,Youopia,133.75.228.25,Hasta İstegi,dkamenar7c,lF2(ABttwK4t
Koral Heintzsch,71,214521,1457,Zooxo,234.208.74.28,Acil,kheintzsch7d,uE7+yv<t8SeO
Geraldine Decker,56,208732,9506,Realpoint,80.212.60.34,65 Yaş Üstü,gdecker7e,xA5+|=0>
Anna-diana Raison,2,550694,7298,Kanoodle,150.145.25.140,65 Yaş Üstü,araison7f,rN3!qFT'r|
Davis Holt,78,798860,3933,Vinder,162.12.182.106,Hasta İstegi,dholt7g,gB5#Ev*?
Berny Bedome,63,149335,2010,Twimm,120.195.38.204,65 Yaş Üstü,bbedome7h,eI8)7SQO9V\q_v
Nikita Dammarell,18,359086,3810,Yozio,196.91.20.190,Diğer,ndammarell7i,"iV6'B#lKsi}a"""
Perri Roizn,64,718579,7225,Meevee,8.234.139.161,65 Yaş Üstü,proizn7j,jI2>e()5FV(
Carley Sheather,20,906020,7682,Chatterpoint,190.177.24.39,Hasta İstegi,csheather7k,"xB3,~apri>#"
Kenon Pershouse,97,306886,5944,Skilith,42.113.197.32,65 Yaş Üstü,kpershouse7l,pS3=>Eh%b<p.(|*E
Conrad McDoual,32,521358,172,Yakijo,90.183.54.100,Acil,cmcdoual7m,"aV3""F.{~x"
Emelyne Heinicke,12,235287,8765,Thoughtblab,165.235.149.8,Diğer,eheinicke7n,zC2>lc>~P
Donn Oller,7,612268,4310,Eadel,19.151.145.93,Diğer,doller7o,gS1$YEVt+/MwSHY
Bonnie Jephcott,100,682657,1125,Avamba,2.109.18.208,Acil,bjephcott7p,oG1$)XXv
Iolande McDugal,73,933987,2113,Avaveo,72.16.179.27,Hasta İstegi,imcdugal7q,zL6~~T{qv<1S
Kenna Randalston,27,249637,1254,Vitz,215.253.33.171,Diğer,krandalston7r,"hD0.<h4""L2510""y"
Harris Barracks,64,137911,8493,Gabspot,69.176.199.102,Hasta İstegi,hbarracks7s,pD2(bhuoDe
Melesa Brackpool,29,939193,8984,Skipstorm,106.47.157.99,Hasta İstegi,mbrackpool7t,"hO5""m*Q7""8Pp"
Yolane Guihen,16,104820,2232,Eidel,57.53.215.3,Hasta İstegi,yguihen7u,gS9%Qy_GynXC+5l
Vevay Kurth,12,219717,8134,Skinte,213.100.119.23,Acil,vkurth7v,jI1)!BXR6j$|#A
Gianni Gremane,84,253069,8889,Shufflester,223.6.224.148,Acil,ggremane7w,"zV2,!4/cVw3xH"
Rubie Swalwell,53,836181,8087,Realpoint,130.171.213.69,Hasta İstegi,rswalwell7x,gN7/i&8|ei
Ivar Brudenell,84,572130,2981,Feedspan,124.42.4.139,Acil,ibrudenell7y,rZ6|AY*x'C74'AUe
Myer Morsom,21,928491,8678,Gabspot,34.57.113.180,Acil,mmorsom7z,iX5!&)+/TsY>~E{
Wait MacGiolla Pheadair,63,91253,9480,Podcat,154.143.93.140,Hasta İstegi,wmacgiolla80,"hG9'.p4)Hw}=j"""
Kiley Klugel,11,779726,9928,Centidel,93.120.6.221,Diğer,kklugel81,fK7}lro>
Xenia Harrhy,12,819631,9071,Kwideo,213.53.118.146,65 Yaş Üstü,xharrhy82,bD9=xS8`8Aw
Inigo Fronzek,43,518569,5806,Talane,73.216.179.60,65 Yaş Üstü,ifronzek83,"gC2=3a,F>"
Jodie Boot,86,987502,9143,Shufflebeat,242.20.34.14,Diğer,jboot84,eM7`xfoDX(\siK
Ted Baldree,39,732114,852,Quinu,33.162.139.154,Acil,tbaldree85,oP2\}I=g6`
Paulo Aasaf,61,235257,3750,Shufflebeat,192.7.4.64,65 Yaş Üstü,paasaf86,"wU2/yzu,yBd"
Ilse Cornick,63,834066,3606,Brightbean,149.94.35.18,Hasta İstegi,icornick87,gI5&l|+<
Mei Evanson,7,848572,913,Ailane,133.67.206.199,Hasta İstegi,mevanson88,"jE1=5nO$AFU#""_"
Cristionna Yukhov,90,568354,6734,Cogibox,15.129.41.124,65 Yaş Üstü,cyukhov89,vE5!ab$X
Daveta Nuton,75,653238,9527,Topicstorm,0.128.203.154,Hasta İstegi,dnuton8a,uP1?F'M@O7Ya>pB
Kyla Kinig,88,317222,6421,Rhybox,106.69.211.211,Hasta İstegi,kkinig8b,sN7|rDi|yH<rwZR
Kinny Egar,67,511366,9241,Thoughtmix,75.102.19.202,Hasta İstegi,kegar8c,pR7@L@yV9H@#w'1A
Mersey Deny,61,186980,7962,Devshare,158.185.74.137,Acil,mdeny8d,uW4!KN8?/v~_5(g
Chet Zannelli,25,812080,2602,Eazzy,49.99.227.199,65 Yaş Üstü,czannelli8e,wD9|<L<\
Mose Tather,10,736366,4259,Zoozzy,236.20.25.117,Acil,mtather8f,uN3$/%&AKpTQ
Sherm Hush,54,481831,7298,Miboo,52.49.178.19,Diğer,shush8g,"xU4}J\TT,..W8him"
Marjie Lowton,48,403897,5855,Ntags,57.103.23.78,65 Yaş Üstü,mlowton8h,rT8!P%xbe
Eryn Dufton,44,638378,6304,Rooxo,116.199.86.131,Diğer,edufton8i,dW0'E.1PiPQ<
Debee Bushell,74,255791,3463,Dynazzy,95.116.10.18,65 Yaş Üstü,dbushell8j,"nE8|n,ixY"
Garv Dungay,36,760386,1219,Mynte,86.9.94.253,Hasta İstegi,gdungay8k,fO8\I0011
Mariel Inglis,55,318939,4089,Gabvine,113.253.30.223,Hasta İstegi,minglis8l,fU2'empH8R)D
Rosanna O'Cuddie,83,828497,9232,Camido,111.207.244.217,Hasta İstegi,rocuddie8m,iK2!e'IsAd
Lyndell Surfleet,72,434073,5558,Oloo,32.102.66.208,65 Yaş Üstü,lsurfleet8n,"uT3$""7f3j43|$"
Tonie Crispin,12,437034,2935,Kazu,37.80.48.243,Hasta İstegi,tcrispin8o,lF1?W5@IhD
Laney Chazier,75,769789,5810,Trupe,14.189.162.89,Acil,lchazier8p,"sB6@U&9<+"""
Peder Rabbage,98,551818,1183,Kwimbee,91.252.177.244,65 Yaş Üstü,prabbage8q,hX2\SvaMlr@T
Griff Linbohm,71,241037,6973,Skidoo,173.89.212.84,Acil,glinbohm8r,"uW4""Pa.e'b.&D"
Milzie MacClancey,40,26851,8182,Dabshots,109.158.43.139,Diğer,mmacclancey8s,iN0.C+zhjv1@NMZ
Bruno Dahler,85,252346,5065,Thoughtsphere,198.214.200.183,Acil,bdahler8t,vZ9?fYnURS
Vin Morfett,91,283727,8939,Einti,223.125.79.143,Hasta İstegi,vmorfett8u,kX5\8s%Y>JNvu1'
Phillida Favela,30,363234,3718,Gabvine,169.10.50.212,Acil,pfavela8v,pN5<Z'k&_uH
Lesley Eadmeads,3,129871,8169,Divanoodle,81.229.166.18,Diğer,leadmeads8w,gU5`e}|t
Kaspar Jeakins,88,828861,8866,Livefish,190.232.249.79,65 Yaş Üstü,kjeakins8x,vQ0''!9tT?A
Antoine Hamby,64,486394,1210,Voonix,104.49.80.202,Diğer,ahamby8y,wH0)@DC=7o9X
Wes Killelea,9,167359,7827,Thoughtmix,109.141.113.187,Acil,wkillelea8z,"rS1{35+g0b""DP"
Alberta Gidley,15,654077,2903,Yamia,212.250.43.192,Hasta İstegi,agidley90,dI6=idr4W?1G
Nina Halden,81,610909,3082,Jaxworks,22.239.128.165,Diğer,nhalden91,pB7%_!7C*
Bridie Foynes,65,629485,9980,Blogtag,75.4.213.252,Hasta İstegi,bfoynes92,hK2.xaD<D
Briggs Wattingham,76,114661,4542,Ainyx,93.189.240.124,Diğer,bwattingham93,nD7/DWz!#M
Germain Pritchett,82,756773,5608,Lajo,181.159.9.62,65 Yaş Üstü,gpritchett94,jU3)9Pre#5dn<K
Vicki Strong,29,820155,3961,Realbuzz,196.100.61.181,Hasta İstegi,vstrong95,xK9@lPg9lH8.X3
Leticia Janning,51,729005,4405,Twinder,75.95.24.32,Diğer,ljanning96,sW6\g9k55
Terry Fraulo,36,186476,9869,Topicblab,55.196.185.85,Hasta İstegi,tfraulo97,"cE6+!ysogch5""V'"
Neal Clemence,11,708534,5948,Trilith,164.224.9.125,Diğer,nclemence98,yO6|dZld(
Olva Filkin,50,300944,8129,Yamia,192.171.29.12,Diğer,ofilkin99,yZ6)</EJ{.|?e{
Ronica Miskimmon,28,857042,8334,Dabvine,198.151.12.213,65 Yaş Üstü,rmiskimmon9a,oL1>=u\oljF*
Robbie Gregson,32,907106,4597,Oyope,152.160.178.176,65 Yaş Üstü,rgregson9b,"dA1?kgC~""(jf9zC_"
Francyne Faltskog,66,85237,3762,Thoughtblab,237.147.102.134,Hasta İstegi,ffaltskog9c,hQ4>G2b>Zg3
Ann Morch,50,332375,7573,Vidoo,150.18.12.3,65 Yaş Üstü,amorch9d,eV7}&Fuf%
Lonnard Harold,43,739847,5729,Cogidoo,46.186.139.53,65 Yaş Üstü,lharold9e,cM6=u*'f~K*e?r}
Drud Addinall,13,927869,7069,Quire,178.59.217.231,65 Yaş Üstü,daddinall9f,xZ2$R@'qB.5|@=a
Meta Crook,51,33533,9430,Meevee,239.28.217.225,Diğer,mcrook9g,"qN4%jOn3oS,"
Kaylee Cozens,58,944057,1460,Thoughtsphere,216.141.172.156,Diğer,kcozens9h,aM9>_yxxmp+tF
Celestina Feake,35,524163,3626,Dazzlesphere,255.146.142.253,Acil,cfeake9i,"qT3%\50""LCoh{"
Diane-marie Izakovitz,78,911627,8061,Twitterbeat,69.242.165.160,65 Yaş Üstü,dizakovitz9j,wF5.`5nu
Emery Trevan,37,857678,6008,Blogtags,246.135.223.15,Diğer,etrevan9k,xE3}(VZ$
Ethelyn Lewzey,60,463791,7039,Zoovu,65.133.135.164,Diğer,elewzey9l,"yF3\_UL(I!kt,"
Angelina Treher,91,716342,8268,Feedfire,218.65.50.231,Hasta İstegi,atreher9m,gD9{vz1Et
Celinka Moulds,55,357214,9250,Blogtag,230.132.173.144,65 Yaş Üstü,cmoulds9n,lK1'k1t+#
Conchita Bedder,5,710403,4888,Twitterbridge,155.8.38.127,Acil,cbedder9o,vZ5<91SG%C%
Cole Ertel,22,376306,5072,Eazzy,45.86.187.160,Diğer,certel9p,qE1|SlZpNx/
Clovis Reddings,57,763556,4280,Myworks,116.177.71.232,Diğer,creddings9q,hI9=Wl#{`_3SN
Ofelia Stothard,67,135345,2635,Livetube,36.114.221.123,Diğer,ostothard9r,"oF3""\Iw='g"
Alli Abbes,34,88131,4006,Trilith,118.91.145.0,Hasta İstegi,aabbes9s,aZ3`jbQ{
Nappy Burker,31,315227,3703,Vinte,1.241.227.142,Diğer,nburker9t,tN5~Nu<zqz
Claudio Jennemann,48,651510,7640,Skippad,174.72.211.255,Diğer,cjennemann9u,eR6`Q=xi
Skylar Beldam,96,880777,26,Tagfeed,137.160.47.22,Hasta İstegi,sbeldam9v,uW3\p5F$3E\#)
Marcos Behn,1,861389,2841,Blogtags,12.177.249.83,Acil,mbehn9w,tR6|s~'PAm~rX~S3
Phedra Sterman,79,106636,7283,Oba,138.92.240.189,65 Yaş Üstü,psterman9x,cP4<fbp|eFEzRaF_
Obediah Chastenet,97,777028,40,Nlounge,14.203.128.53,Hasta İstegi,ochastenet9y,gI0}iQd*u
Sky Caslake,92,854597,3329,Skalith,138.95.4.246,65 Yaş Üstü,scaslake9z,gV3&K6op~
Joelynn Grieg,46,547729,7444,Buzzdog,166.97.74.45,Diğer,jgriega0,rS4*&B%zo
Cortie Cosbey,81,665258,3833,Centidel,4.202.180.171,Diğer,ccosbeya1,iH3>hM*j9$|~`A
Hardy Allgood,49,888993,9627,Riffpath,19.122.69.223,Diğer,hallgooda2,fM1!c'M}xY+hfx
Caralie Halloway,93,987330,7083,Youfeed,169.197.37.13,65 Yaş Üstü,challowaya3,jC8*zV~Dz\lkl
Eugenio Havis,31,104540,7321,Dynabox,41.33.144.120,65 Yaş Üstü,ehavisa4,wB7#t0`g
Keenan Gorghetto,92,197977,3121,Thoughtworks,16.105.214.238,Hasta İstegi,kgorghettoa5,hM1?I?XT~2J
Austen Gaskall,76,474601,6552,Tagopia,171.199.116.119,Hasta İstegi,agaskalla6,wW7+%P*?|A*gyF
Willis Davet,68,209284,384,Voonix,32.32.52.167,65 Yaş Üstü,wdaveta7,xO5_bml<KeltY#%
Louie McSporrin,82,543062,1608,Jaxspan,131.164.211.16,Acil,lmcsporrina8,oY3'}vS0`*=_Y/t
Lulita Slate,44,165022,5398,Edgeclub,244.178.116.48,65 Yaş Üstü,lslatea9,xT5(\#B)*UNV|mk
Rita Albisser,91,499901,912,Realpoint,113.6.190.88,65 Yaş Üstü,ralbisseraa,"mT6\uYH""H"
Klaus Iacovo,0,431016,6393,Quire,181.145.72.203,Acil,kiacovoab,"zQ1,)M=*eD~Ac"
Lock Palffy,95,645847,8060,Eire,240.201.130.252,65 Yaş Üstü,lpalffyac,dP0?'pa8hRs(q6dA
Alla Tolussi,94,819519,423,Skippad,31.90.118.245,65 Yaş Üstü,atolussiad,dH6~zB!YgEg5=k}I
Nertie Priddis,19,148186,6110,Lajo,160.148.111.12,Acil,npriddisae,wS9!ijj@
Zuzana Grece,43,386630,6261,Yotz,163.51.135.157,Hasta İstegi,zgreceaf,yR9+#_i/vtnxsW
Janenna Fergyson,43,319988,3872,Voonder,47.10.222.49,Hasta İstegi,jfergysonag,lO3?#/0.Xr
Michell Teodorski,85,754839,9567,Rhybox,222.74.177.68,Diğer,mteodorskiah,nV3_j&mr>4.j
Addi Roon,49,580993,6750,Yambee,242.165.71.173,Diğer,aroonai,"oD2,%\M>Mr=xKm"
Felita Stickins,94,711810,1763,Quire,98.130.156.97,Acil,fstickinsaj,"vV9,ru+ET"
Chryste Stearnes,73,459088,6965,Realfire,253.61.124.172,Acil,cstearnesak,sO5?lqC|
Rafferty Owtram,93,695054,5501,Thoughtstorm,65.214.78.14,65 Yaş Üstü,rowtramal,yB8}Rg2Q.7BYB{a
Bessy Rodrigues,98,798193,958,Jaxspan,103.139.249.81,Hasta İstegi,brodriguesam,oW7>HH'dA
Giulio Vassar,2,429750,8672,Jaxnation,123.71.31.108,Acil,gvassaran,tM5~RF.yP
Josefina Sarll,29,954638,8799,Quimm,140.65.52.86,Diğer,jsarllao,gM4#_'P+h<dr
Rosy Newell,38,92328,83,Latz,183.142.186.177,Hasta İstegi,rnewellap,rT9<(#G#ywHcxr
Chrystel Dandie,69,329067,7691,Camimbo,100.225.96.92,Hasta İstegi,cdandieaq,"zX2#(,'5wMe3"
Atlanta Solomonides,73,851209,4479,Yombu,93.179.75.242,65 Yaş Üstü,asolomonidesar,"jN5{U6<rgmh""2j5"
Marika Von Welldun,20,701012,1292,Jaloo,9.101.62.154,Acil,mvonas,"jQ8""\pUo"
Quill Spindler,34,579791,4796,Tambee,71.122.207.34,Diğer,qspindlerat,wZ9'$BEwjbuh(>D*
Ethelda Filippucci,38,818468,1352,Photospace,130.155.45.31,Hasta İstegi,efilippucciau,"fN7,qtez70"
Ira Ever,64,414601,5998,Kazio,97.131.186.215,65 Yaş Üstü,ieverav,iL7)EEthUko08
Ofilia Bortoloni,54,137369,3091,Nlounge,157.20.234.65,Hasta İstegi,obortoloniaw,bZ9`AcE.`{}T&bk3
Humphrey Argo,86,391365,1397,Ntag,101.248.242.36,Hasta İstegi,hargoax,"mR0{""jb3jj"
Maggi Iacapucci,8,412331,1933,Photobean,63.115.105.237,65 Yaş Üstü,miacapucciay,rA4<6'%VP\UJBx
Gayelord Witt,14,541203,2977,Thoughtworks,19.132.225.136,Acil,gwittaz,yB0(SjNQez
Danella Sullly,3,58553,6870,Photobug,237.142.121.63,65 Yaş Üstü,dsulllyb0,"eD9""4ZQ?qMHFwmk*"
Kennan Oates,20,59152,3031,Brainlounge,57.10.87.163,Acil,koatesb1,"nU8>(#m_,fBh"
Jeannine Derobert,34,159161,7068,Feedmix,35.71.99.5,Acil,jderobertb2,"zM3~5sK?LW/R{""@"
Elenore Spear,91,529138,8102,Youspan,253.10.84.130,Acil,espearb3,aN1<9FpL520>4b)
Ilsa Karpmann,43,400036,7862,Lazz,235.232.88.27,65 Yaş Üstü,ikarpmannb4,aU9*31B?(&JiE
Lesly Nursey,74,542290,1637,Pixope,126.115.205.71,Hasta İstegi,lnurseyb5,wF1}RyOGjK0>#n
Banky Culp,70,385762,9287,Meembee,220.206.248.112,65 Yaş Üstü,bculpb6,rA3`<u!\}WN9`VTy
Hildegarde Weatherell,5,16864,5183,Skipfire,122.204.45.229,Acil,hweatherellb7,vW3+dTy>JmHzGkm
Karlan Ivanchin,62,209086,7868,Linkbuzz,25.200.68.161,Diğer,kivanchinb8,"pZ7,C=aj~?i@z9u"
Maura Lannen,98,350596,9216,Mycat,135.169.84.252,65 Yaş Üstü,mlannenb9,tC6!}Z7V@hU1#
Miguel Humbie,59,70709,8900,Babbleset,22.165.109.246,Diğer,mhumbieba,lN6?WK)`DqSF
Elnora Chancelier,45,251178,4177,Livefish,33.120.18.75,Acil,echancelierbb,"rM3,rU/A~ngN_sS"
Matilda Stamps,20,57762,1333,Jabberstorm,70.69.186.143,Hasta İstegi,mstampsbc,aF2_5K8`_j
Reese Kordovani,88,908029,2894,Tagcat,227.211.128.200,Acil,rkordovanibd,zW5}~ez1Z
Selma Thompsett,28,921596,4783,Flashspan,125.230.104.24,Diğer,sthompsettbe,"aO9&HNZ"",i7w"
Roda Ketchen,71,385524,2582,Browsecat,254.164.130.117,65 Yaş Üstü,rketchenbf,nY3'uxICq$1Sp2
Kory Mateu,45,352081,194,Brainlounge,158.121.14.177,Diğer,kmateubg,vI8=\DgmRIaTe?w
Zola Scolts,79,735486,1540,Pixope,98.217.98.130,Hasta İstegi,zscoltsbh,hQ4%_jbJKx)
Bar Girodin,26,892110,7449,Aibox,48.123.255.123,Acil,bgirodinbi,jF1\!jj'WvN\#0)F
Camey Chasemore,40,185220,5585,Rhynyx,145.141.4.239,Hasta İstegi,cchasemorebj,pS1>2(F|
Murray Partrick,68,113833,2406,Quinu,185.224.196.181,Diğer,mpartrickbk,rF0'@/.@*bna0
Livia Wathen,62,277170,376,Zoonoodle,227.170.203.218,Hasta İstegi,lwathenbl,uX3_X_7lN
Gusti Regi,75,791028,382,Buzzbean,35.6.136.85,Acil,gregibm,iB3%g}oonLVR
Randi Dodshun,79,651251,7454,Innotype,145.156.60.170,65 Yaş Üstü,rdodshunbn,hI4=+Z$BPLJr
Jewelle Calbaithe,75,344288,2729,Jaxworks,226.140.173.184,Acil,jcalbaithebo,nO5_S#CT|B?
Sutherland Laffan,7,477578,3207,Tekfly,254.235.55.241,Acil,slaffanbp,dW8.cP.}9u{+PvS
Kaspar Aitken,3,988366,7107,Zazio,212.164.160.252,Acil,kaitkenbq,"aI3_Nv{D|2""#o>yF"
Colby McCroft,34,895371,6698,Skimia,233.162.133.39,Hasta İstegi,cmccroftbr,kF0(3/&O
Cory Lottrington,98,358492,879,Lazzy,1.211.234.239,Acil,clottringtonbs,xI9&WGd>@
Madelle Cohrs,63,218814,5541,Feedfish,74.86.83.248,Hasta İstegi,mcohrsbt,cE6(Km8nR
Carlin Semper,22,54966,5665,Cogibox,42.156.72.112,Hasta İstegi,csemperbu,tT1*bKhql#DzH
Jerrilee Lesor,63,87,1759,Kaymbo,197.91.192.13,Diğer,jlesorbv,gT7=y?(%rH
Sofie Grewcock,15,964240,5785,Talane,187.191.144.96,65 Yaş Üstü,sgrewcockbw,bM6'&`dbU0g=U3s&
Lorrie Smye,58,130617,5412,Quatz,127.35.234.240,Hasta İstegi,lsmyebx,"zB7(\shS2""KT6"
Edan Tarbin,35,323150,5312,Cogilith,127.128.7.179,Diğer,etarbinby,fK6\+D@~
Ignace Dyneley,42,830299,2503,Muxo,231.77.115.58,Diğer,idyneleybz,uG2}~@\=Z/
Tedda Tarquini,80,871955,868,Meevee,230.64.226.118,Acil,ttarquinic0,nW9&mqJaDM`D0$?
Chip Orknay,0,199911,5719,Yotz,230.207.99.123,Hasta İstegi,corknayc1,uR0=34%I
Nicholle Whiteford,97,911661,1669,Bubbletube,226.215.33.96,Acil,nwhitefordc2,aH6+6<mUnR
Cynde Patemore,63,440306,2091,Jaxnation,223.118.155.101,65 Yaş Üstü,cpatemorec3,jZ0~/rTXOTtqw'a
Adrien Wedge,35,514880,752,Reallinks,213.2.209.102,Acil,awedgec4,wR6(3O'8J}K$
Mira Allawy,26,759418,2341,Zooveo,86.126.14.238,Diğer,mallawyc5,dF4~xJRu
See Rojel,39,119078,4525,Yambee,34.37.94.41,Acil,srojelc6,xK3}$cp*K2`tG
Lemuel Jurs,40,897447,4263,Fadeo,59.160.71.76,65 Yaş Üstü,ljursc7,sS4/9tKTyT4G
Emalee Hassan,72,167200,8339,Teklist,168.194.230.183,Hasta İstegi,ehassanc8,fO7*ga$ik
Latrena Burgise,46,164568,1108,Realmix,108.207.233.164,Hasta İstegi,lburgisec9,hA1>FR%$2`_
Lamond Dumpleton,12,230464,4385,Blogtags,165.197.216.69,Hasta İstegi,ldumpletonca,nG5\@V9HKqeDYbB7
Lek Cicero,10,633834,2879,Quatz,201.11.146.106,65 Yaş Üstü,lcicerocb,"lD5,!3""/kYhL1"
Bealle Kimbell,87,876880,1269,Dabvine,87.194.208.181,Hasta İstegi,bkimbellcc,tF1$wa!m7$D'F
Penn Pattison,83,824852,9040,Innojam,105.99.80.35,Diğer,ppattisoncd,"fM5""9}MYZZ"
Vern Enser,54,321756,3330,Jaloo,77.137.142.177,Hasta İstegi,venserce,nA8/m%8)Sn1Z
Loria Quadrio,23,850422,4082,Browsedrive,9.215.112.252,Diğer,lquadriocf,"pB6%YKUvePz,(28X"
Norene Summers,76,541961,988,Twitternation,78.190.65.41,Diğer,nsummerscg,sA4@8'i+C
Jeromy Tesoe,97,415351,5618,Flashdog,255.63.186.124,Diğer,jtesoech,mZ3=fA_c?<0FY
Patti Bartoszewski,46,479079,270,Realbridge,174.233.255.93,65 Yaş Üstü,pbartoszewskici,fI1/Ajwab
Hannah Kaysor,2,710044,5050,Meeveo,92.65.131.204,Acil,hkaysorcj,jN2+9*6{
Sam Rendbaek,55,370251,8439,Skilith,197.8.48.92,Diğer,srendbaekck,hM8|$}h?wD=FhBud
Chance Mechan,53,462567,3301,LiveZ,175.222.63.63,Acil,cmechancl,"eF3""gAajH1.I"
Augustina Rochford,69,471556,5246,Flashdog,57.224.183.182,Acil,arochfordcm,eF1+UupZ``a
Gladys Woolens,60,65823,637,Bubbletube,184.97.158.165,65 Yaş Üstü,gwoolenscn,eL1>6wQwfSh
Miriam Skotcher,25,100444,6222,Livefish,79.254.179.38,Acil,mskotcherco,qQ7&O.<Q72#
Pauly Robshaw,79,944137,5949,Skyble,112.90.169.230,65 Yaş Üstü,probshawcp,zU2'|=i?
Donal Showering,77,102568,9024,Zoozzy,168.95.80.153,65 Yaş Üstü,dshoweringcq,lE2&`j|T
Frederick Pengilley,43,739747,4834,Mymm,149.246.11.85,65 Yaş Üstü,fpengilleycr,"xY6}3<RsF""?_S~v"
Birgit Gerssam,17,326961,5245,Meembee,155.124.87.191,Diğer,bgerssamcs,iW9}_z!xhjAIo
Lutero Vowells,1,763280,9578,Latz,20.235.4.46,Hasta İstegi,lvowellsct,iA1!5De{l
Lamont Firmager,36,79698,4656,Vinder,219.179.126.177,65 Yaş Üstü,lfirmagercu,xG0_Kxm})~3G
Gannie Eidelman,83,628168,3517,Kazu,133.87.202.205,65 Yaş Üstü,geidelmancv,dL6_TWtQIQ
Joyann Sainer,92,995347,9978,Buzzbean,95.188.189.64,Diğer,jsainercw,"aX5,/>1Vkgf"
Dani Newlin,84,82047,2520,Tambee,35.13.133.85,Hasta İstegi,dnewlincx,zX9|Y)8jGP
Donella Pamment,19,553830,8701,Tagpad,91.67.253.122,Hasta İstegi,dpammentcy,xZ7?L5<c|R!qxB
Nananne Zamboniari,67,688283,6962,Innotype,40.69.199.205,Hasta İstegi,nzamboniaricz,rZ3}3y>U2'1T\/6A
Nefen Maciak,93,105147,5158,Brightbean,227.149.88.218,Diğer,nmaciakd0,"cC1,5pXZ<U"
Fredra Abbots,2,333282,6700,Fiveclub,187.167.239.223,Hasta İstegi,fabbotsd1,iE7~`!hRt{$YM*r(
Sadella Atcock,73,837386,1120,Voomm,203.237.6.73,Diğer,satcockd2,vL0`7cmj
Omero Marciskewski,80,895701,6189,Topdrive,216.68.210.62,Acil,omarciskewskid3,"sK1?,C+K\G!3?"
Brier Osmund,31,204276,2106,Jaxnation,68.170.254.162,Hasta İstegi,bosmundd4,uM4.E##.W|6
Alberta Haspineall,87,797382,1440,Shufflester,165.164.45.215,Acil,ahaspinealld5,cR7+jhNP)K1
Miltie Rolston,55,746566,4740,Twimbo,61.229.138.24,Hasta İstegi,mrolstond6,bH0&D>Bt
Roley Loukes,95,598673,2021,Kazu,237.94.143.96,Diğer,rloukesd7,rT9\_}=SRz.)f.j
Auria Betje,52,217299,1232,Mybuzz,135.226.53.65,Acil,abetjed8,"iJ8_,|<o0Y"
Jade Tennison,78,218863,6916,Oodoo,207.163.248.48,65 Yaş Üstü,jtennisond9,jE2>nn(A2Tl0f*%
Jordain Caldecot,83,645592,2735,Dynabox,146.182.130.154,65 Yaş Üstü,jcaldecotda,"kJ1=%oP+HMw,e<@!"
Adelind Harbor,4,837266,5501,Quamba,84.225.18.246,Diğer,aharbordb,lH9>+IhDhMiG<~'g
Kathryne Thewless,32,970669,8137,Youspan,85.192.67.30,65 Yaş Üstü,kthewlessdc,bT4)og7dR!
Arni Di Biaggi,29,151736,6526,Quimba,237.78.138.79,Hasta İstegi,adidd,tS8)YhkV
Karry Guille,46,947886,6298,Gigaclub,247.247.116.102,65 Yaş Üstü,kguillede,"uV4(?hKH,gKm"
Erda Dayly,6,800338,2002,Feedspan,241.135.217.73,Acil,edaylydf,mI5/80>aLZ
Haroun Thompson,99,76764,543,Twinder,222.72.212.169,65 Yaş Üstü,hthompsondg,oJ8$+jRsK
Mark Prahm,1,253029,2435,Oba,33.162.117.190,65 Yaş Üstü,mprahmdh,pF2*<rHCo
Leroy Tedridge,38,62096,7847,LiveZ,96.128.252.23,Hasta İstegi,ltedridgedi,"nM0@i6G7E.ppam,"
Alfred Nobriga,63,917731,38,Meevee,101.109.113.118,Acil,anobrigadj,"aD7~>""9yqO&8"
Francklin Cobby,36,14004,2377,Zooveo,216.175.177.72,Acil,fcobbydk,oI3|Nhsj@{EhSG92
Zelig Toman,40,689882,5564,Trilia,255.15.202.98,Diğer,ztomandl,qQ0#xXfM6V
Bertrando Coard,4,377633,7250,Yotz,245.74.148.179,Hasta İstegi,bcoarddm,pZ3?t(_*.Z)Dq
Sonnie Tythe,16,485091,3419,Feedmix,88.250.0.215,Diğer,stythedn,"jZ0,c6xAp/LI"
Jonathan Rzehorz,79,865486,6193,Youspan,61.43.143.58,Acil,jrzehorzdo,dE1=8$`PcImi.1
Huberto Ruddick,47,558145,1178,Twimbo,139.87.201.125,65 Yaş Üstü,hruddickdp,"qZ6@#z.FW,Y"
Farrah Normant,9,519817,6823,Mudo,51.126.255.71,Diğer,fnormantdq,hI9}mS<}H
Buddie Silverson,45,586726,2706,Voonte,18.231.125.207,Hasta İstegi,bsilversondr,hW7*)#6Oc
Grannie Strickler,98,695965,2471,Camido,155.53.223.172,Diğer,gstricklerds,bK1(t3r$8u`t
Claudell Raynard,30,890167,1117,Browseblab,175.91.80.2,Diğer,craynarddt,cQ7`%mSA$aF
Moll Atterley,64,281302,3988,Kare,246.9.93.194,Diğer,matterleydu,cM6=T}3A>
Mario McConnal,98,221355,8666,Rhybox,195.118.223.158,65 Yaş Üstü,mmcconnaldv,aK2!D$TU~z
Orazio Abela,63,634485,5389,Gigashots,71.147.41.41,Diğer,oabeladw,vH7*pUGbdTXx$@j
Petunia Dunguy,82,445446,5025,Bubbletube,20.185.70.97,65 Yaş Üstü,pdunguydx,"aN4!T#D=|wZ,Hd5"
Deana Swarbrigg,97,438254,5605,Meetz,65.34.113.223,Diğer,dswarbriggdy,"mC4!n""R9"
Agnesse Johnstone,88,499554,542,Twitternation,131.236.98.183,Hasta İstegi,ajohnstonedz,vF2}S=Lqt!V+(R
Hermia Didball,20,201878,7631,Photospace,73.8.199.47,Hasta İstegi,hdidballe0,"lB6,{#~V0,%yNN"
Cristiano McWhin,82,459841,4070,Shufflebeat,252.166.196.202,65 Yaş Üstü,cmcwhine1,"uO3|p&MQYGhlh,"
Tybie Commins,85,62406,2114,Thoughtmix,47.198.16.235,Hasta İstegi,tcomminse2,sO6*c<u9BD
Fernandina Cassam,47,27500,407,Flashdog,210.87.107.194,65 Yaş Üstü,fcassame3,tM0/p%w5%H<
Aloysia Grieswood,45,18551,7411,Quinu,139.159.102.105,Hasta İstegi,agrieswoode4,"dK4}~n@,QVq(bN"
Donaugh Downing,17,415520,4132,Meevee,226.141.8.67,Hasta İstegi,ddowninge5,"cN9,~f*Ryq"
Ford Paffot,52,932505,5941,Tagtune,106.127.235.207,Diğer,fpaffote6,wL3*A9eNpt>H_3J
Quentin Earnshaw,45,462479,4852,Yodoo,232.167.145.43,Diğer,qearnshawe7,zJ3@9S@tR5I6=5
Ric Crookston,28,289874,9836,Topicshots,9.141.7.185,Hasta İstegi,rcrookstone8,dC0++O!?qwnM7F
Constance Fellgett,46,35226,5794,Oodoo,60.161.249.243,Acil,cfellgette9,iR9!}3=IR
Ianthe Durbyn,89,242203,5498,Photofeed,21.199.38.68,65 Yaş Üstü,idurbynea,eQ3'5i59EI\i`8
Crosby Marran,44,136701,7805,Youbridge,177.31.237.60,Acil,cmarraneb,xV0>}qSNWa
Quincy Cranstone,63,498802,6972,Aimbo,114.180.63.153,Acil,qcranstoneec,"zZ4*={pF,Z.@z59"
Oliviero Christophle,88,236483,672,Talane,88.20.234.175,Acil,ochristophleed,fM6'7#jvV#*{(Q
Darill Gadman,40,888186,5330,Kwimbee,57.14.174.129,Acil,dgadmanee,uA9%SC#|}zTpWsSC
Carlin Gillings,80,589543,923,Innotype,231.135.133.33,Hasta İstegi,cgillingsef,fW0(dW&4
Filberte Deans,77,673498,1360,Jaxspan,59.4.133.169,Diğer,fdeanseg,wP4(Gx'q&`rU
Hobart Pott,4,949362,7101,Skinder,169.4.213.207,Acil,hpotteh,"iB3""oRsYe~L_v!{"
Aldus Raithby,20,879827,6024,Innotype,255.32.207.72,Acil,araithbyei,rI0$/B0Ku9
Mannie Pebworth,23,82535,9605,Brainbox,174.208.170.237,Diğer,mpebworthej,sH1%/L3L@xmecy
Muire Isakowicz,34,838530,8198,Kwideo,59.12.127.164,Diğer,misakowiczek,kM4(jhuR?(%mz
Syman Seel,82,304359,4304,Kwideo,47.98.142.193,65 Yaş Üstü,sseelel,lR5`na?GI*0r!<H
Nedda Rillatt,74,197794,1224,Topicware,162.25.218.0,Diğer,nrillattem,iJ6!aPW+@V
Tuck Slowley,10,638065,9991,Minyx,51.117.154.220,Acil,tslowleyen,"hJ6*QOK2Q""Yy0"
Blancha Colhoun,82,51842,1039,Trunyx,61.121.215.206,Acil,bcolhouneo,"uS4{9RE!t/9)<""3"
Pen Kayzer,92,677276,8816,Meedoo,70.213.252.23,Acil,pkayzerep,iQ9*+3$%
Bruce Pounder,24,748356,9085,Quatz,191.126.84.9,Acil,bpoundereq,"qS8#`X,ASej1!5"
Dorri Latus,33,502523,9955,Thoughtstorm,60.36.137.64,Diğer,dlatuser,"sC8&,JM%ZY=\"
Morten McGookin,33,674550,4457,Teklist,77.34.106.67,Diğer,mmcgookines,eQ8?JCnrpe0=O
Freddi Buggs,77,994492,9025,Thoughtbeat,222.150.209.207,Hasta İstegi,fbuggset,xQ5*Gs!Yf*@
Patrick Latchford,72,640008,7809,Mynte,250.46.242.35,Acil,platchfordeu,bF8*z<15n|M4uI5q
Lin Deeman,95,534154,4961,Wikido,133.20.49.229,65 Yaş Üstü,ldeemanev,bA3|=xbVqU
Gibb Tidcombe,32,316341,6715,Brainverse,149.34.216.109,Hasta İstegi,gtidcombeew,"gQ8,MYR5d1x\G"
Risa Jermyn,73,646615,3128,Twitterbeat,26.159.93.32,Diğer,rjermynex,"bF5,>K}~C@4An"
Nefen Newrick,98,679297,3061,Yata,188.199.60.33,Acil,nnewrickey,hA6#ij0zQ7=%hC
Opalina Awdry,18,345590,3860,Livepath,111.1.158.105,Diğer,oawdryez,"tD1|X9SDny',re"
Travis Anthonies,16,958332,5083,Oyoloo,188.185.219.37,Acil,tanthoniesf0,"zI8,V6Zb.H"
Caryn Goburn,80,993847,8077,Gabtype,173.209.87.239,65 Yaş Üstü,cgoburnf1,tL5=vC_pS9TZcz
Reine Cawker,23,75288,8289,Buzzshare,158.162.148.94,Diğer,rcawkerf2,dO9@V%K#GWWJ6H
Dehlia Senner,78,939682,2836,Twimm,62.122.181.6,65 Yaş Üstü,dsennerf3,xR5'ro1({+J=
Luciano Hampshire,61,882537,6044,Oyope,243.175.28.224,Hasta İstegi,lhampshiref4,aA7``)xIxe
Marnie Harrie,24,432421,6336,Edgepulse,78.177.83.75,65 Yaş Üstü,mharrief5,nN7!8KEH2##jp=
Ambur Sherer,19,73661,5701,Twitterworks,246.57.155.179,Hasta İstegi,ashererf6,cS9'0!lg@'.\k
Gloria Puddle,37,137151,8329,Voonder,2.71.145.101,Hasta İstegi,gpuddlef7,kF4#N'd'S/2%7
Bonnie Travis,67,726828,3598,Dynazzy,111.228.230.156,Diğer,btravisf8,mI3$q#x%r9F%n
Ailsun Hackworth,56,612201,770,Kayveo,182.115.242.64,65 Yaş Üstü,ahackworthf9,fN3$B&DG8@4=c{0i
Moselle Mordanti,14,790112,5304,Kwideo,19.221.113.12,Hasta İstegi,mmordantifa,"mV3%2Sq>N,i"
Romona Leatherborrow,70,324080,4959,Plajo,250.225.111.27,Acil,rleatherborrowfb,"wV0/&a=,5!"
Garrett Whitten,44,863353,3377,Realmix,108.115.129.81,Acil,gwhittenfc,zR7)i7)Ry.&imiJ
Kingston Wombwell,74,647032,2090,Zooxo,44.43.110.98,Diğer,kwombwellfd,"vK8~3F,yZ"
Noam Steventon,83,597984,1722,Thoughtsphere,155.71.19.161,Hasta İstegi,nsteventonfe,eL6@6W5cilA_Q
Kermy Bazeley,30,237991,1790,Mycat,177.28.114.124,Hasta İstegi,kbazeleyff,wM5~Or%5$E~
Moreen Peron,1,23707,2407,Yakitri,116.39.35.11,Diğer,mperonfg,sP6%Si*`)SP
Albert Simper,62,262421,380,Zooxo,164.179.229.90,Diğer,asimperfh,kY2<H.bWb
Melamie Antoniutti,23,686451,3601,Tagchat,77.59.95.205,Diğer,mantoniuttifi,"vJ0/bH\nc~(,J4"
Rita Jenson,51,668537,1172,Dablist,115.2.54.46,Diğer,rjensonfj,zY5}w8Fq
Tandi Hoggan,53,253108,2917,Oloo,38.48.190.95,65 Yaş Üstü,thogganfk,kN6!=q*tqfagD)
York Hartzogs,35,213460,5526,Voolith,100.175.110.227,Acil,yhartzogsfl,"rE2<i\>),="
Derrik Horsey,44,504934,5978,Yoveo,131.212.17.233,Acil,dhorseyfm,bF5&*ww{j69P
Linet Minero,2,51755,2246,Yabox,211.209.204.252,Hasta İstegi,lminerofn,bH5@&@!0Je
Bert Damiata,90,370104,8799,Edgeify,18.18.116.236,Acil,bdamiatafo,qY5/<56>i>xZ!
Elizabet Hargreave,45,254568,9788,Kwinu,38.223.48.14,65 Yaş Üstü,ehargreavefp,"qW1""yU3J"
Michel Nesterov,68,873967,8584,Mudo,64.208.181.91,Hasta İstegi,mnesterovfq,bM7|Pku%}Dy0o$
Petronella Murdoch,5,596970,330,Janyx,88.248.16.222,Diğer,pmurdochfr,fS6{wt9|}\6j_=_
Godard Richten,50,531173,2008,Kamba,129.6.207.224,Hasta İstegi,grichtenfs,nH1|#crRF7um
Brit Gridley,78,126657,2638,Riffwire,192.3.51.236,Acil,bgridleyft,hX7|L<EHv
Ophelie Gooding,39,283339,708,Youspan,176.174.106.209,65 Yaş Üstü,ogoodingfu,qJ6(z(OLY0jL6G(/
Jessamyn Layzell,30,852353,8674,Vinte,29.35.11.109,65 Yaş Üstü,jlayzellfv,mY0?J{o9nwC|*|{
Eyde Phittiplace,62,703981,5915,Gabcube,123.219.199.180,65 Yaş Üstü,ephittiplacefw,pQ9+20y*{oc
Hillel Scalera,68,325906,8398,Bubblemix,230.190.132.202,65 Yaş Üstü,hscalerafx,rA2+sGT@xLwL=NmP
Issi Privett,28,54746,9464,Skyba,251.143.43.48,Hasta İstegi,iprivettfy,jU2%o!$0g&
Edd Tansly,51,715252,7908,Eazzy,10.6.95.7,Hasta İstegi,etanslyfz,hN2{DaFKz
Vinita Kloser,10,902396,22,Yozio,135.79.248.28,Hasta İstegi,vkloserg0,wL2!k51daF.!ij~
Maybelle Edscer,47,482451,4619,Avavee,67.39.111.16,Hasta İstegi,medscerg1,sR3=at`Vg&
Noelyn Graffin,41,872467,1426,Flashpoint,248.208.157.151,Hasta İstegi,ngraffing2,"dE2""KBtr{D4"
Mill Jacobsohn,38,479836,4410,Topdrive,56.140.95.123,Diğer,mjacobsohng3,qE8|kW!nD
Franny Lethley,87,30056,5062,Edgeclub,122.177.68.224,Acil,flethleyg4,dR0\8B_m
Welsh Gaymar,40,905811,1603,Jaxbean,31.219.72.77,Diğer,wgaymarg5,zF8~lcR)t~T+Q6.I
Howie Origin,66,983751,2071,Skipfire,7.129.76.9,Hasta İstegi,horiging6,"mN1""KVwY1a"
Tremaine Arnull,73,325165,5650,Edgepulse,214.162.178.207,65 Yaş Üstü,tarnullg7,"lO3""s/u9k*NU<fih"
Glenna Bachanski,18,987507,352,Photofeed,8.17.230.118,Acil,gbachanskig8,bP2#+8d=
Godwin Smeath,26,309954,5617,Devbug,86.77.229.142,Acil,gsmeathg9,aL4<CsZtMZ
Darlene McIvor,41,183864,4549,Skivee,241.127.96.73,Hasta İstegi,dmcivorga,uG3*sL{'hU.Ip&
Constantino Overal,37,367727,829,Edgeclub,46.10.251.186,Diğer,coveralgb,xE4&%}Af7zbyDJ'
Dukie Bitterton,13,168911,567,Mydo,105.173.228.183,Hasta İstegi,dbittertongc,"uL4,ZZc29a~pq"
Clarence Keinrat,18,556168,7248,Eabox,220.34.217.65,65 Yaş Üstü,ckeinratgd,zY7#@@}RXnbDn4pN
Cristin Hindes,15,355137,803,Pixonyx,179.222.189.40,65 Yaş Üstü,chindesge,mS6.CkY?mmuHrH6
Maddy Brandrick,41,682772,832,Thoughtstorm,208.38.37.113,Hasta İstegi,mbrandrickgf,iU5_4\pQ5G
Leonora Shenley,86,718417,6800,Tazzy,60.145.53.195,Diğer,lshenleygg,lM0*#BinPv
Marlee Parfett,73,873924,2628,Livepath,145.48.147.163,Acil,mparfettgh,"rB7(d,4~!.8(x"
Bryan Hrishanok,20,603594,150,Twinte,235.174.237.254,Diğer,bhrishanokgi,rR4'<KMB
Edita Johnsey,43,456940,4445,Abatz,47.62.9.255,65 Yaş Üstü,ejohnseygj,"rU4<,3GRx1f"
Georges Nisot,62,860599,6981,Eayo,26.14.165.216,Acil,gnisotgk,aA5=b>meD?JU\D38
Sammy Cutler,34,258969,1729,Twitterlist,249.13.132.84,Diğer,scutlergl,"xR1<Z%M.LY,q3b"
Jacquelyn Sellors,49,800799,7382,Kare,16.84.2.151,65 Yaş Üstü,jsellorsgm,iM9=HVy&m
Brocky Keers,98,557133,5800,Browsecat,99.200.207.92,Hasta İstegi,bkeersgn,sA8.q<H~HHiVH'.
Quent Scotchford,78,617710,1257,Minyx,37.180.197.33,Acil,qscotchfordgo,rY4<jU_ozNVt8
Elvina Lurriman,98,269004,9688,Realmix,238.96.51.182,Diğer,elurrimangp,"hS6%)v$1,G8qr'sD"
Carce Pleasance,96,103889,1983,Meevee,51.144.129.134,Acil,cpleasancegq,kH1@!IGy'\REM})
Bronson Strangeways,48,220930,6514,Rhycero,8.39.250.121,Diğer,bstrangewaysgr,cN0(B~ZZv'!Yi3*h
Athene Loukes,34,637003,9268,Oyoloo,250.164.158.19,Diğer,aloukesgs,zZ6'HFW~`hY~$=
Audrye Beesey,49,341433,2931,Blogtags,206.64.236.137,Hasta İstegi,abeeseygt,"pO5?_p""kB\'}"
Shepherd Pumfrey,54,126621,3295,Wikizz,217.123.178.93,65 Yaş Üstü,spumfreygu,vY5@F_R{O4p$
Kordula Pavy,63,995804,6655,Minyx,20.48.61.95,Acil,kpavygv,qQ5<w_V1@AG=+
Bud Whittick,85,709200,7748,Muxo,221.154.0.60,Hasta İstegi,bwhittickgw,mF4_QQ!Wklix
Elysee Heggison,85,51611,7229,Skivee,34.39.57.116,Acil,eheggisongx,zI9$op0*R5?yLi!
Cristine Escalera,27,292143,9539,Browsetype,119.181.86.67,Hasta İstegi,cescaleragy,pX5~SP%n9=x
Ramonda Diggar,0,160025,2383,Riffpedia,114.140.160.42,Hasta İstegi,rdiggargz,kV3/al.gT#>
Kendal Tomasini,62,18217,833,Pixope,205.46.76.221,65 Yaş Üstü,ktomasinih0,vA9<ogaW6Sx
Boigie Reubens,54,506665,682,Brightbean,183.77.189.16,Acil,breubensh1,"tC3,OOpUZFBNf7"
Stephi Wanklin,18,991804,5818,Meevee,206.187.190.121,Hasta İstegi,swanklinh2,jG4_RP*>7U@j
Lyndy Elliot,70,127280,8530,Izio,175.95.198.48,Hasta İstegi,lellioth3,rL7\AxZC@WOk4mC@
Genvieve Legging,70,810738,8392,Flashset,188.225.4.227,Acil,gleggingh4,vK8\O(xz
Kathye Tebbit,81,546778,475,Riffwire,196.62.230.122,Hasta İstegi,ktebbith5,bX2(nyO6Q0#
Aaron Venner,55,193302,2930,Buzzshare,231.7.149.186,65 Yaş Üstü,avennerh6,qC0's5mrcG5gh3_
Gibby Cutridge,52,648077,1833,Fiveclub,26.93.216.142,65 Yaş Üstü,gcutridgeh7,eY3!R8l_1
Dot Garard,62,395280,6343,Oyoloo,78.4.100.154,Diğer,dgarardh8,"fC1,DD,tLk/"
Nanon Delete,56,148211,6010,Zooveo,141.142.150.79,Hasta İstegi,ndeleteh9,oB2$MS'Kh@|}UC
Olenka Diggens,62,103554,6529,Cogidoo,166.134.23.224,Diğer,odiggensha,"lJ2,S(GE,S1z&"
Maryl Burberow,12,432833,5586,Brainsphere,231.218.9.185,Acil,mburberowhb,"jP6,Kb}N8{"
Ketti Cranmer,31,202174,3827,Chatterpoint,231.214.77.108,Acil,kcranmerhc,rJ1>0jFNTe?
Veronika Brockelsby,67,563777,5230,Dynabox,110.146.125.7,65 Yaş Üstü,vbrockelsbyhd,lR3<S@_d<w
Patrizio Josifovic,5,877360,1766,Meevee,83.131.31.159,Acil,pjosifoviche,jP4<xdx.(k
Berne Lonie,16,587587,5832,Babbleset,148.89.153.127,65 Yaş Üstü,bloniehf,eD9_ec4rB8*j?{
Solly Guyot,30,469739,6671,Gigashots,87.150.72.117,Diğer,sguyothg,cD8`h}C.}
Hatty Olivo,30,206139,9746,Bubblemix,34.208.20.78,65 Yaş Üstü,holivohh,xU9$)0.dD>h'q
Renato Ferie,6,802252,5872,Zoovu,140.254.67.229,65 Yaş Üstü,rferiehi,qH8?fo&dvm'/6i
Coralyn Tellenbach,15,691224,8490,Meevee,105.105.51.134,Acil,ctellenbachhj,fI2{Y/ZR
Marsh Celes,94,977125,5215,Feedmix,209.37.129.219,Acil,mceleshk,xC5)=X_5~4!p
Jecho Flay,50,878854,2251,Riffpath,69.83.48.78,Diğer,jflayhl,eH1=F4EZ
Ginelle Weedall,95,788709,9679,Zoonoodle,211.42.66.100,Acil,gweedallhm,tO1)!&@UI
Glenine Pudner,49,320759,7155,Edgeify,1.59.171.241,Hasta İstegi,gpudnerhn,mO4)'J&e~lkHBy
Pia Karolewski,93,610494,4623,Yombu,33.80.5.45,Hasta İstegi,pkarolewskiho,uC4`2zLsZ@H
Irving Harbison,93,48975,5385,Yodoo,22.173.249.202,Diğer,iharbisonhp,qW4|T.L3ol@Tw9FM
Woodie Boays,37,350878,9018,Edgeclub,155.211.144.246,Acil,wboayshq,cK4)u+?pdBguly.`
Dorris Arnow,71,219335,2901,Quamba,55.44.67.126,Diğer,darnowhr,cQ7%7#a}m*sKgR
Rosemarie Japp,50,578045,3077,Photolist,67.27.201.110,65 Yaş Üstü,rjapphs,rX5~DZYr`Y
Fayre Heaslip,19,478138,201,Riffpath,215.93.211.97,Acil,fheaslipht,rE4\DQE.A
Milt Bools,85,879544,5038,Photojam,192.122.105.101,Acil,mboolshu,bT2!s5>53
Giulia Philipot,89,520225,7465,Jaxnation,190.114.241.142,Diğer,gphilipothv,xI8@ZG<h
Roxana Kimbell,85,102863,620,Topicstorm,148.171.16.25,Acil,rkimbellhw,"zD3+0r""/o"
Jade Gourlay,6,30684,7273,Devpulse,4.168.99.147,Acil,jgourlayhx,mQ5.HGrGpFV_m
Timotheus Frowen,31,602990,2629,Camimbo,135.203.185.188,65 Yaş Üstü,tfrowenhy,"hM3,v#fej2'"
Ursuline McGarva,40,187971,5563,Oyoyo,225.134.143.52,Hasta İstegi,umcgarvahz,hG6>F9lc.S&!G
Tierney Heavy,25,159415,3936,Shuffledrive,142.182.2.185,Acil,theavyi0,"lI0""K8=4G)Cj"
Gareth Hitscher,1,729409,326,Edgeclub,51.206.32.114,Acil,ghitscheri1,"xI1=i""m_CW"
Mathilde Sargent,15,956882,1811,Abata,251.4.216.191,Diğer,msargenti2,fO7%f+')c2(/P{
Alan Hanington,0,199023,3271,Realcube,125.31.230.100,65 Yaş Üstü,ahaningtoni3,"nZ4@W@""ZrKAa"
Maggee Deathridge,10,707721,3320,Oyoyo,22.123.89.140,Diğer,mdeathridgei4,gQ2&I!&O
Tomi Ragate,88,390431,901,Fanoodle,90.18.119.48,Hasta İstegi,tragatei5,wQ3<mUdBO=7R
Gwenny Rooney,8,791120,5609,Jabbercube,161.147.50.139,65 Yaş Üstü,grooneyi6,wQ1*h{/>>'x
Boothe Merigon,14,315074,5500,Janyx,32.85.82.228,Hasta İstegi,bmerigoni7,iX8|Twv1X
Marchelle Palumbo,50,405882,1264,Eamia,0.176.63.228,Acil,mpalumboi8,rO6\d*orAxH\
Hiram Greenrod,88,87306,2481,Zooveo,63.180.66.220,Diğer,hgreenrodi9,mP3)(4NdOni~Z/Q
Kendricks Kivell,71,831384,7241,Realbridge,217.216.240.26,65 Yaş Üstü,kkivellia,xZ3#)r?/S_7.m\
Cassie Barents,23,926159,79,Voonte,249.59.33.172,Hasta İstegi,cbarentsib,eR0`/t=)~l*
Terrye Rosenschein,53,817627,3230,Zoonoodle,168.153.36.226,Diğer,trosenscheinic,"xR4>YjeM,"
Shayla Cancellario,32,856533,4643,Oyoloo,219.120.109.50,Diğer,scancellarioid,cC3$DkVKH6
Michal Armatys,7,406158,1242,Wordware,55.230.70.161,Hasta İstegi,marmatysie,bS4}\<c)i+2z|X
Traver Dallan,41,223292,2565,Skilith,118.252.83.64,Hasta İstegi,tdallanif,bP8)iFFWqPeOz
Rodd Ellesworthe,26,502100,437,Youbridge,188.174.229.148,Acil,relleswortheig,"kG2""kl68w)"
Margalit Dawtry,29,753489,2558,Dabvine,97.180.245.195,Diğer,mdawtryih,"lD9""6?.\U~n"
Devin Offen,16,110181,1176,Meevee,126.67.76.13,Hasta İstegi,doffenii,mF2(kwj`\bzHBhmi
Cassie O'Regan,54,279451,2265,Nlounge,83.70.9.37,Diğer,coreganij,eP7}HriNR9Q
Berkly Till,8,290994,7052,Zooxo,244.9.168.254,65 Yaş Üstü,btillik,eL5?zJ5!
Quent Birtle,12,119728,1456,Brainverse,240.60.20.154,Acil,qbirtleil,"jF2+,%iz2PSpA~L"
Rebeca Berthod,26,190559,6199,Mymm,26.226.67.121,Diğer,rberthodim,fE3?8n~1HxZ+c
Ileana Saggs,23,611641,1501,Meembee,80.29.237.127,Acil,isaggsin,"nN5""3kaZay"
Kandy Brownell,27,242836,8015,Thoughtbeat,206.83.49.15,Acil,kbrownellio,"cL3""r{!'br49hB"
Toby Starbucke,12,415713,8011,Divape,203.209.34.231,Diğer,tstarbuckeip,pI9@p+(8|i)!e@{d
Cacilie Georgescu,65,156844,8313,Livepath,92.99.73.230,65 Yaş Üstü,cgeorgescuiq,iD2&lps=?Z!?K>X4
Penelopa Birkwood,52,551391,6808,Zoovu,41.225.58.251,Acil,pbirkwoodir,gI1)Jk!h
Kelsi Menary,96,385578,6236,Skinder,127.173.241.21,Acil,kmenaryis,mZ5+pmlMg3$
Emmye Munns,36,468182,428,Livefish,239.46.114.197,65 Yaş Üstü,emunnsit,wZ2/A3)PM5?n
Bastien Guinn,54,895719,2742,Dabjam,183.80.138.208,Hasta İstegi,bguinniu,"iB7_Fh)884""@~x"
Bill Teasey,72,593464,231,Dynabox,175.158.232.167,65 Yaş Üstü,bteaseyiv,wQ2#oXtPhSW
Nedda Dunkerton,7,62945,2158,Yodo,110.41.22.8,Acil,ndunkertoniw,qK2>lk5R/
Manya Palphramand,6,468522,2659,Demivee,148.82.76.47,65 Yaş Üstü,mpalphramandix,iX9~5THc!u
Octavius Leger,65,215417,1001,Browsecat,219.237.79.42,Hasta İstegi,olegeriy,iE2_`#cy./<
Marge Greyes,28,292527,5825,Twitterwire,119.27.137.172,65 Yaş Üstü,mgreyesiz,rZ5=!Dl~MR\okMl
Marve Falk,24,699596,7576,Tagchat,171.96.70.167,65 Yaş Üstü,mfalkj0,zN0~nuAD0k/h
Bobina Waeland,13,268005,4520,Tagfeed,94.189.82.203,Hasta İstegi,bwaelandj1,"gQ0""`U""=_h6C"
Pearce Beament,57,850657,9657,Mydeo,203.44.201.135,Hasta İstegi,pbeamentj2,sJ5{`5&l
Bernete McCarver,95,90343,2179,Agimba,159.50.67.176,Diğer,bmccarverj3,"xN8&9Bmah5rL"""
Sax Mustin,65,916635,4199,Wikizz,235.205.255.245,Acil,smustinj4,eS5$$/u>#IS
Isaak Gath,7,557822,5077,Tazzy,9.192.232.224,Diğer,igathj5,zW0<N}lJEZ
Glyn Stampfer,50,128311,9896,Jaxworks,117.156.247.191,Acil,gstampferj6,mN9|YuQ`U)R
Kristofer Peckham,81,471591,1821,Zoomzone,99.202.96.175,Diğer,kpeckhamj7,tS6&O)KZ621
Vinnie Loalday,8,633969,714,Wikido,220.221.165.94,Acil,vloaldayj8,cB6+at~&<j$D6}
Renato Howsan,87,746737,8874,Skyba,122.247.178.249,Diğer,rhowsanj9,yT7'YXN*R
Bill Spanswick,71,322381,9370,Youopia,186.143.93.145,65 Yaş Üstü,bspanswickja,pP8@X`aec?W
Graehme Bezants,78,852870,5191,Youbridge,137.238.213.139,Hasta İstegi,gbezantsjb,pK0+QrqQtv'1Wpx
Leupold Fried,76,266619,3982,Tambee,218.88.133.106,Hasta İstegi,lfriedjc,"tJ7+Z""dF${2#ah%B"
Dougie Chree,47,585190,7021,Topicshots,99.185.232.140,65 Yaş Üstü,dchreejd,kB4(*e7ylM
Brier Littlepage,66,968074,1542,Meetz,60.146.14.255,65 Yaş Üstü,blittlepageje,"nS1=2,/|`I"
Terrie Titford,63,775137,29,Rhynyx,180.24.158.156,Acil,ttitfordjf,"fO4'2v1""+LQ0B<9M"
Lishe McGarrie,41,225464,1163,Wordify,36.9.246.235,Acil,lmcgarriejg,fK5\zX4p~<uWHjq
Stanleigh Shailer,17,97895,5319,Tavu,193.96.71.80,Acil,sshailerjh,tH0+h!<=ybzr<t
Perry Whatham,55,815173,501,Skynoodle,119.47.205.225,65 Yaş Üstü,pwhathamji,yY6\QH`()>
Wenda Kohn,93,270374,9655,Gevee,119.112.57.109,Diğer,wkohnjj,yJ4=8HBqzUCq\
Mona Laurisch,97,657875,2399,Edgepulse,97.33.104.120,Acil,mlaurischjk,zA7~KefRj
Maegan Winfrey,21,482595,4021,Viva,50.18.99.51,65 Yaş Üstü,mwinfreyjl,"gT2""\2V5)Yv"
Hewet Cortez,89,798298,2668,Zoomcast,39.37.83.13,65 Yaş Üstü,hcortezjm,kI2_3SQT
Yasmin Dimblebee,19,405505,420,Eadel,126.203.249.121,65 Yaş Üstü,ydimblebeejn,"wK9!1)Zh!0,N!f,8"
Jonie Veitch,48,121405,9776,Youspan,76.35.141.95,Acil,jveitchjo,lB8>{osR
Elsinore Gilhool,4,454703,6062,Wikivu,38.103.14.213,Acil,egilhooljp,nZ4\qd~?xO961=2L
Hillery Lever,3,489797,457,Babblestorm,121.53.227.105,65 Yaş Üstü,hleverjq,kT8|iZAD
Grantley Arents,71,546773,3272,Roombo,253.149.47.215,65 Yaş Üstü,garentsjr,cM4$4`Bs.`w9Md
Sig Thebe,87,727712,8717,Quatz,167.39.229.95,Acil,sthebejs,iF7<DXvHjj!dF
Arther Drinan,96,272259,9043,DabZ,169.8.17.126,Hasta İstegi,adrinanjt,"bR9@PPH""Qb""9ti"
Prentiss Halsall,8,816771,1366,JumpXS,147.81.168.58,Hasta İstegi,phalsallju,qT2_Wi|_k}6
Chloris Sturton,42,192688,1866,Agimba,139.192.157.8,65 Yaş Üstü,csturtonjv,cM7#Ay%*>
Julie Heis,5,369150,5647,Zava,153.195.71.114,Acil,jheisjw,"xJ8>,sxl(SNhcSuQ"
Newton Gollard,10,642807,9506,Shufflester,236.242.252.213,Diğer,ngollardjx,tQ2/u9G?FaA(
Pembroke Danielli,27,475737,7008,Dynabox,100.47.59.51,Hasta İstegi,pdaniellijy,qS4@XHA#et
Xerxes Hearnah,50,203203,5577,Ozu,59.181.254.105,Hasta İstegi,xhearnahjz,xJ9?2<A4n
Arlette Ayliffe,98,664666,6029,Innotype,21.49.8.137,Diğer,aayliffek0,vT5%mT%In
Olivia Ruppertz,47,965081,1555,Zooxo,224.39.23.184,Diğer,oruppertzk1,fO7}9SelA
Issy Fawbert,94,721117,7783,Quinu,118.58.55.71,Hasta İstegi,ifawbertk2,jI5+`sr<M_o
Hastings Cheetham,62,681296,4771,Skajo,141.36.59.220,Hasta İstegi,hcheethamk3,nA2#'vg%OdC
Shanta Mapletoft,17,209822,6644,Gabvine,210.231.170.207,65 Yaş Üstü,smapletoftk4,iX7$hvQkmWA?<Hn
Humfried Kuhnt,83,313168,553,Meembee,156.208.36.110,65 Yaş Üstü,hkuhntk5,bP4<9P\*@X$
Renaud Swabey,14,316007,4018,Photolist,179.54.136.150,Diğer,rswabeyk6,rY7+lA#Px(17&
Fairleigh Papa,57,703710,5295,Dabfeed,189.126.248.64,Diğer,fpapak7,gH9{W%U<}g0{/
Lamar Confort,55,336838,7886,Mynte,161.36.194.110,65 Yaş Üstü,lconfortk8,fB4}Vbq3MA`7
Bertha Pinhorn,82,928440,7966,Skimia,10.53.104.47,Hasta İstegi,bpinhornk9,"rE7\.>4>c~+t""Ict"
Valentia Brient,1,907393,5214,Mycat,54.195.3.52,Acil,vbrientka,"vJ0,ZNZ\}s!(7K""O"
Duky Darrell,35,911832,9571,Bubbletube,217.131.222.147,Diğer,ddarrellkb,kW1=&IMf
Boyce Varrow,62,406992,6165,Kaymbo,238.3.112.194,Hasta İstegi,bvarrowkc,aO6#9!McyyF#z
Rad O'Halleghane,47,271077,1722,Livepath,212.235.217.150,Diğer,rohalleghanekd,pN8{CXqtF
Genevieve Buntain,91,692222,790,Twiyo,91.89.17.67,Acil,gbuntainke,nJ0*cuyM))
Joyous Duerden,1,876736,9491,Thoughtstorm,33.120.123.61,65 Yaş Üstü,jduerdenkf,"sO3=""Hz`("
Terri Rivaland,70,699699,361,Livepath,152.14.126.206,Diğer,trivalandkg,qV0+~T#5~kl(9
Bobbe Putten,25,874726,1853,Meemm,4.80.206.3,Diğer,bputtenkh,gR4(N9fSI=bp3ZV
Brunhilde Timblett,53,818404,240,Divavu,253.150.33.238,Hasta İstegi,btimblettki,pV9('yb&R
Sebastien Grinyer,11,35885,5296,Skiba,84.173.167.72,Hasta İstegi,sgrinyerkj,kF2?N1lLp
Jase Coslitt,59,154154,4717,Centizu,147.72.86.224,Hasta İstegi,jcoslittkk,gD2?da\hBY
Lindie Danko,47,78479,7166,Chatterbridge,189.197.36.104,65 Yaş Üstü,ldankokl,sQ9'#NVMKq'QO
Raff Mathivet,72,875160,5250,Eimbee,121.112.49.252,65 Yaş Üstü,rmathivetkm,mZ9*o*WbIr?
Nathanial Pollett,50,283840,4178,Yakidoo,51.252.245.164,Acil,npollettkn,pU5\4|g{`=<b}X4w
Joceline Ghost,70,329863,4374,Photobug,108.227.155.33,65 Yaş Üstü,jghostko,"oX1>,'TOFDGpPtX"
Marsh Plail,15,945642,5753,Eamia,148.12.78.187,Acil,mplailkp,"wG9{,w11\#,%>sa"
Athena Rolph,39,736788,7000,Rhynoodle,92.105.142.205,Diğer,arolphkq,hI9=Vz`APxKv7cio
Seward Paget,55,165573,2835,Buzzdog,246.222.49.121,Hasta İstegi,spagetkr,lD6+R\Z=R
Avril Keeves,59,261649,4281,Devshare,0.92.10.158,Diğer,akeevesks,"cM1|*DJOiUGxM#"""
Clywd Hagger,8,155482,8457,Thoughtstorm,179.199.181.99,65 Yaş Üstü,chaggerkt,"iA5*K2Uw3jI9}p)"""
Delia Shuttleworth,64,734005,7519,Linkbuzz,223.29.176.150,65 Yaş Üstü,dshuttleworthku,pF8$FczbFID>S7L
Faustine Imesson,41,794055,3657,Ainyx,214.68.254.119,Diğer,fimessonkv,yM6.HNvg$7yHn
Gaelan Dockwray,60,523049,2579,Quatz,172.47.148.85,Acil,gdockwraykw,nY6'iXrhP\=\#
Ogdan Brookbank,19,120323,481,Fatz,171.120.248.134,Hasta İstegi,obrookbankkx,fK3{duU/!sUP
Maryrose Maxfield,91,315869,2718,Plambee,172.217.227.151,Acil,mmaxfieldky,dE3|?xCM|V'H!F
Glennie O'Hengerty,85,295846,7041,Zoozzy,60.22.0.70,Acil,gohengertykz,sA7\73t3Otr
Ellene Dron,82,486435,8865,JumpXS,131.122.97.240,Hasta İstegi,edronl0,rW3>6AQl
Bret Dunkerly,11,794267,3366,Dabtype,227.94.131.48,Acil,bdunkerlyl1,lM6+3!>v.7zn>d
Jedd Vanyushin,15,481856,3961,Dabjam,151.9.148.31,Diğer,jvanyushinl2,"kN5)""N1JD"
Estrellita Chataignier,18,663543,2461,Flashdog,217.5.125.189,65 Yaş Üstü,echataignierl3,tZ4?CRaH7
Jeni Henighan,26,137027,365,Rhynyx,96.199.80.195,Acil,jhenighanl4,zY1{ij~UFwYK|J
Fraze Bernat,33,805407,2135,Jaxspan,82.252.86.83,Acil,fbernatl5,mY6)V<s?
Callean Adamov,38,898488,808,Zoomdog,149.26.99.113,Acil,cadamovl6,oB2@aIHGO6MNS=A5
Antonio Mumbray,50,755323,6191,Meetz,108.83.141.82,Diğer,amumbrayl7,pS3'*_6UU{
Arron Whittick,53,117468,7903,Aivee,171.227.14.92,Hasta İstegi,awhittickl8,"fR5.~ZP,M"
Pavel Joyson,92,799961,8954,Fivebridge,95.56.133.192,65 Yaş Üstü,pjoysonl9,"sF0.M8F""%M(KJXz"
Leshia Keast,61,810456,2589,Wikido,154.110.131.233,65 Yaş Üstü,lkeastla,qF9<1YC\F&K
Nollie Becker,6,509566,3455,Tagtune,112.221.200.45,Acil,nbeckerlb,sE0|7/RT}(R2CY_G
Adelaida Barnaby,79,423535,4009,Gigashots,55.120.175.36,Acil,abarnabylc,nL4\|a@X#U_ogQ
Vitia Bewshire,22,2353,8087,Rhyloo,94.140.162.18,Hasta İstegi,vbewshireld,rJ8)Gjm|Vk0W
Nicola Debell,53,566180,4923,Mybuzz,4.50.227.121,Hasta İstegi,ndebellle,gQ3$n}H%G~6Jw~O3
Murdock Sheals,92,204615,73,Fivebridge,147.207.45.25,Acil,mshealslf,"dT6""E$T+'bD(VR"
Kira Hartwright,30,776169,5918,Flipstorm,154.226.146.130,Acil,khartwrightlg,yA5`1<QO!6axUW
Frederik Birchwood,11,20527,7178,Feedbug,240.99.143.32,65 Yaş Üstü,fbirchwoodlh,"zD4.E""6A+JDgNb9"
Leonidas Ridsdell,2,656255,6348,Jayo,32.242.121.15,Diğer,lridsdellli,xD7=p56WbU2
Wilek Van Arsdale,34,234094,6118,Fadeo,134.104.76.157,Diğer,wvanlj,sS2>ySA@FBsvT$
Verene Cranch,24,795615,4618,Fivespan,109.80.52.40,65 Yaş Üstü,vcranchlk,"iV5#qWGx,WU"
Jase Curzon,100,510003,4364,Yozio,3.97.166.78,65 Yaş Üstü,jcurzonll,sV8@E2(%*m
Fredric Hutson,92,21498,871,Eare,68.56.230.254,Diğer,fhutsonlm,bL1&h>qk|Iz0kDxT
Ephrayim Cirlos,44,141673,2657,Demivee,244.76.196.236,65 Yaş Üstü,ecirlosln,cZ7_{9dGlu
Yolane Goard,64,148763,5122,Kwilith,174.3.246.91,65 Yaş Üstü,ygoardlo,sE5}hzgc0|#R'q@
Adolf Ivy,71,198326,8452,Snaptags,160.148.79.107,65 Yaş Üstü,aivylp,dW4\a%`jRJ*hV
Rab Hache,54,453243,6951,Feedfire,171.76.169.142,Acil,rhachelq,eZ2)2nrq#'
Abelard Penhaligon,77,258495,8047,Leexo,6.77.81.190,Acil,apenhaligonlr,"gA3#,FCHW""MD=~ap"
Jedediah Boughen,73,745204,7608,Divape,99.146.73.18,Acil,jboughenls,rV2%Wx91!Uh<(8bo
Wren Pentelow,99,981611,1140,Eidel,90.230.120.72,Hasta İstegi,wpentelowlt,jQ6'mby<wap
Garfield Dory,11,253005,3975,Wikizz,188.186.170.157,65 Yaş Üstü,gdorylu,dZ8/j?ZL3ECi=k
Kristine Preto,40,889816,7733,Feedfish,192.182.249.17,65 Yaş Üstü,kpretolv,gQ7#yHdEsBQU
Malcolm Hodgon,33,695875,2371,Yakitri,133.58.205.225,Diğer,mhodgonlw,"jS6/6`""*"
Querida Biasio,44,759574,7412,Myworks,224.232.251.39,Hasta İstegi,qbiasiolx,eS0=C.lW=>!6B
Anatole Gravestone,91,272708,2039,Eayo,209.43.144.7,65 Yaş Üstü,agravestonely,"rF3"")A>3xmy)q"
Anthia Whelpton,91,515175,1744,Aivee,182.170.145.125,Diğer,awhelptonlz,sB6?~?<oxG
Moina McGilroy,96,98983,8576,Yamia,197.21.149.78,65 Yaş Üstü,mmcgilroym0,dC3&a2<}
Janeczka Niess,29,608845,637,Flipopia,43.100.227.223,Diğer,jniessm1,bU7~lxA|DwGt0&.
Montgomery Cashley,29,160008,3582,Youopia,9.177.45.227,Acil,mcashleym2,"qP5%,UCW&@v("
Ira Bratcher,47,453073,3063,Jabbersphere,218.203.54.90,Acil,ibratcherm3,jX1}8KfRF
Worthy Onyon,17,615609,6480,Eabox,129.54.134.138,65 Yaş Üstü,wonyonm4,"pE4,~'JWq"
Kylila Millgate,61,807236,7629,Kwideo,42.247.113.207,Acil,kmillgatem5,dH1/Wotya
Danie Elder,39,455354,7388,Jaxnation,227.145.80.46,Diğer,delderm6,mN5)yh=yn7<
Daphene Antosik,58,877916,1389,Voonyx,246.241.208.73,Acil,dantosikm7,lH3/oj%Xh
Tildy Fields,51,445155,7808,Brightbean,91.146.20.191,65 Yaş Üstü,tfieldsm8,nU9$4W6)IV!4/pa
Oliver Cockill,97,68733,9494,Brightbean,176.72.78.99,Acil,ocockillm9,cX0~@d`ETqtb
Bridgette Hayhurst,41,296094,4505,Dablist,156.219.91.23,Diğer,bhayhurstma,"uX3<MreJ~,=wiT,"
Lambert Girardy,20,546396,2706,Oyoloo,18.122.165.163,65 Yaş Üstü,lgirardymb,"rL5"">'G>(r4pf"
Christal Kenway,5,141055,4438,Centidel,149.79.47.204,Diğer,ckenwaymc,fX1+B4#t
Madalyn Carradice,33,1247,3441,Oba,103.210.155.8,Hasta İstegi,mcarradicemd,eZ3/anYrG
Hallsy Zannelli,40,40129,4010,Zazio,126.166.51.84,65 Yaş Üstü,hzannellime,bS7#VuaxQ+
Sinclare Habishaw,28,237022,5895,Skyble,90.252.161.56,65 Yaş Üstü,shabishawmf,kQ3}SBI(7EW!btyJ
Charleen Feldbrin,90,648002,1143,Kaymbo,28.215.47.205,Hasta İstegi,cfeldbrinmg,"jQ7/yK,tW%"
Ogdan Taphouse,79,30073,8963,Reallinks,21.14.20.114,Diğer,otaphousemh,"sM6%_,(z+_dT+wn"
Lorrie Haugh,83,502244,3342,Skimia,79.110.26.38,Hasta İstegi,lhaughmi,pZ9.=tUKUtggKi
Ursa Gutridge,38,196459,2286,Skimia,233.157.43.212,Acil,ugutridgemj,aP2'h.IY
Vikki Faulconer,77,436254,555,Jaxnation,254.103.237.82,Acil,vfaulconermk,uS5|`re9)q8B++\A
Gianna Still,17,378705,9152,Flashspan,249.150.159.224,Diğer,gstillml,lO8{OEG/ryb
Melamie Jenking,99,890292,7677,Tagfeed,228.192.37.139,65 Yaş Üstü,mjenkingmm,"rI3(#rB""TVF,Ah/"
Lorin Abella,57,536564,1408,Mydo,236.227.50.232,Acil,labellamn,bB1=)7GF0>M_
Carver Cosbee,85,22629,1468,Devshare,184.5.198.39,Hasta İstegi,ccosbeemo,cY0(0nYrw|Mt!
Sadie Milliere,91,161200,1809,Flipstorm,89.232.50.221,65 Yaş Üstü,smillieremp,"jM2$+,6{HEfUQm+"
Patrica Gremain,73,79441,9146,Eire,219.152.17.91,Diğer,pgremainmq,"jL6"""",VXWE}eA&E"
Alis Escott,4,55993,8756,Plambee,213.140.5.136,Diğer,aescottmr,pE7>wjJ2f\r##ka
Tilly Northage,59,387429,5742,Camimbo,76.24.201.65,Acil,tnorthagems,"fA8',5=3PS|j"
Birch Parres,90,880350,8713,Mita,244.223.107.228,Acil,bparresmt,oJ5#c$jM
Ellyn Whiteside,60,498807,3385,Jabbertype,103.23.103.235,Hasta İstegi,ewhitesidemu,rR5_WY>txb*CG+tX
Dulcea Jouanet,29,652008,9066,Jabbersphere,160.219.241.108,Hasta İstegi,djouanetmv,qY2$/5iSf
Staford Hadeke,62,59567,5573,Tekfly,201.133.67.177,Diğer,shadekemw,"eK0""KGZ$(%""htuf("
Karel Todaro,63,891540,1194,Jabbertype,173.235.111.158,65 Yaş Üstü,ktodaromx,pS8!{gII@
Leticia Todd,20,669843,3120,Livepath,229.232.87.11,Hasta İstegi,ltoddmy,fS2+}DE)
Dennet Blaik,26,690192,3474,Quinu,247.207.194.41,Hasta İstegi,dblaikmz,"wK1%0F#,0!4FU"
Kippy Jacobowits,78,302171,1159,Zoomdog,151.84.220.44,Diğer,kjacobowitsn0,lT5$X#D00
Madeleine Crook,37,366045,3702,Browsezoom,38.234.87.124,Diğer,mcrookn1,"uC2_Z?,YbL`"
Goddart Pietesch,9,158371,6659,Realblab,213.74.43.36,Acil,gpieteschn2,cO4)c%nt
Danice Breyt,77,889268,2964,Youfeed,168.97.64.137,65 Yaş Üstü,dbreytn3,rL9!%nLKQu|
Karoly Sherlaw,28,767384,1661,Jazzy,12.85.255.149,Hasta İstegi,ksherlawn4,tN2!gFTLfPL~ll8@
Godard MacCorley,7,199331,3010,Quatz,191.104.246.198,Acil,gmaccorleyn5,cL9@}fOFZTC<
Cyrill Tyght,88,743473,3367,Einti,217.80.191.172,Diğer,ctyghtn6,zZ5.<#>R&C
Stacee Cornelius,71,677688,1013,Npath,192.131.156.151,Hasta İstegi,scorneliusn7,sU1(oFh/GkjtZ<?Q
Christian Stansbie,5,170110,1098,Yakitri,223.224.174.32,Hasta İstegi,cstansbien8,qT1@5/?z\(
Dennie Glasscott,34,65831,1993,Gabvine,219.223.40.48,Diğer,dglasscottn9,qD1!CIsm3
Dina Evitt,3,995405,2653,Dabtype,213.30.104.151,Hasta İstegi,devittna,qJ8!xCE4aB
Corey Shaudfurth,78,133207,8237,Oyondu,226.203.162.133,65 Yaş Üstü,cshaudfurthnb,vD8$@y6@Y/_
Stepha O'Deegan,71,321066,5460,Babbleblab,186.192.227.14,Diğer,sodeegannc,"kL9{Kg`YrU=mv,"
Patsy Riddiford,86,195509,2124,Ntags,127.184.75.84,Acil,priddifordnd,pE5$tf*IO_/+
Dodi Otson,49,134741,8193,Npath,203.155.151.16,Hasta İstegi,dotsonne,"cT3""lYl!`h."
Revkah Callender,59,194010,7364,Thoughtbeat,158.215.176.38,Diğer,rcallendernf,dC9'q8k>VcVU9`d
Christian Beagles,36,503003,6449,Photobean,90.219.6.33,Acil,cbeaglesng,zV2`|t*Z(Q6>
Chaddy Hoxey,62,969424,458,Thoughtstorm,13.30.7.29,Diğer,choxeynh,cJ5&w#|ldR6
Arlee Charpin,42,243931,5611,Buzzster,35.119.247.171,Acil,acharpinni,gT5~{tz%
Alick Mowat,95,912957,4849,Yakitri,56.220.248.129,Acil,amowatnj,oP6\V2/9ZP.@
Corty Gullen,53,600910,3529,Skipfire,241.7.162.71,Hasta İstegi,cgullennk,yH4|2/}h
Claudine Raun,73,622568,6398,Blogtag,166.76.131.247,Acil,craunnl,lH5|Myf$_0uIT0
Farris Tertre,86,536090,9841,Skyba,186.172.95.166,65 Yaş Üstü,ftertrenm,fR7<}E$f2S4>
Kipp Moules,98,827841,9853,Skinder,80.248.128.223,65 Yaş Üstü,kmoulesnn,eO4|b#!QOwx
Tallulah McTerrelly,36,85678,2706,Talane,130.68.143.175,Hasta İstegi,tmcterrellyno,zB5~#Yx_
Dehlia Gurwood,31,886932,1833,Flipbug,249.86.61.126,Hasta İstegi,dgurwoodnp,eY4{N\jo@
Engelbert Follows,78,277250,7882,Eadel,146.60.73.46,65 Yaş Üstü,efollowsnq,bA9_<QcTw
Guglielmo Weldrake,91,673615,6880,Oyoba,106.228.248.141,Hasta İstegi,gweldrakenr,oB2(aT.o/Sgt(p
Pietrek Champe,7,485149,1897,Yabox,120.178.202.38,65 Yaş Üstü,pchampens,mE9+ct<O!
Karleen McCoughan,85,592696,1604,Meeveo,9.175.138.78,Hasta İstegi,kmccoughannt,yR3~YaiIpe#mjY
Deck Goranov,40,802431,6016,Tazzy,63.123.127.26,Diğer,dgoranovnu,vI5$Le=dKK{1y/)
Abby Mendonca,52,83662,2808,Edgeify,38.122.165.177,65 Yaş Üstü,amendoncanv,qK7}=B/pVmDZL
Clio Chelam,8,824033,1674,Bubbletube,210.71.38.255,Acil,cchelamnw,vG6&Sdk(Hm%V
Petronilla Woollett,81,19741,9559,Jaloo,120.82.249.160,Hasta İstegi,pwoollettnx,mG7/k'T9>.@
Denna Metcalf,70,573914,5897,Chatterbridge,147.173.44.243,Diğer,dmetcalfny,"uK8'6,vjwZ""A"
Derk Colton,96,471002,9895,Latz,205.166.55.118,65 Yaş Üstü,dcoltonnz,zJ3|S!=~V1P>\|sp
Les Habbon,83,100888,6524,Oozz,9.0.228.244,Diğer,lhabbono0,uS4!+(&TM{3Y30
Cally Dorr,94,734611,5036,Realcube,55.177.48.77,Diğer,cdorro1,gR5*0@UVX
Galvan Print,91,966466,2872,InnoZ,237.145.79.181,Diğer,gprinto2,"mZ5!zZ\`Oc(B?""Zi"
Felicdad Elms,39,849365,7995,Teklist,63.170.190.83,Hasta İstegi,felmso3,iW9$s?NB~t6QDE..
Ardelis Jeffries,31,771630,2370,Realcube,91.127.12.160,Acil,ajeffrieso4,xG2.Mqmn
Fernanda Critch,12,34041,440,Yodo,100.0.254.225,Acil,fcritcho5,xC7`Frse?i~dO
Patrice Woolner,74,863346,4445,Demivee,209.138.96.3,Acil,pwoolnero6,gK8>9RpY.Ax!
Sydelle Pomfret,33,587049,2656,Oyonder,163.130.165.247,Acil,spomfreto7,"kJ5/""D)f"
Kary Spenceley,14,425612,5857,Wordtune,191.217.31.188,Diğer,kspenceleyo8,pX5$sbjmdCiOJ<F
Leta Gleder,19,144145,1201,Skalith,4.59.9.40,Acil,lgledero9,"oC5,?w{1tVC"
Samuel Ramel,11,127095,5447,Dabshots,171.188.90.170,Hasta İstegi,srameloa,xW0&JGB\WaF&
Jessalyn Wrack,12,304368,2527,Roodel,16.154.245.138,65 Yaş Üstü,jwrackob,aK5\as5b~J\
Franny Emmett,100,908060,8986,Feedfish,210.192.7.119,Diğer,femmettoc,sD2)drHm
Cyndia Dobbie,90,991225,5822,Cogidoo,109.232.43.148,Acil,cdobbieod,nG3$qxdmN
Heddi Fullick,50,635482,6908,Oyoba,234.30.10.161,Acil,hfullickoe,uK2}4#`A'<=Y
Anthea Laughtisse,82,610702,42,Tagopia,36.249.46.90,65 Yaş Üstü,alaughtisseof,mD9*uU*Z{Z+z
Katie Veneur,26,669575,4479,Twitterbeat,208.147.127.169,Hasta İstegi,kveneurog,tL9%pvuyp}1
Marsh Hunnaball,38,224043,9669,Yombu,196.46.178.149,65 Yaş Üstü,mhunnaballoh,eI2+kjMwJ_ss)
Toinette Jeggo,93,490198,1998,Tekfly,228.60.141.197,Hasta İstegi,tjeggooi,oY2&loKF
Lulu Coyett,77,167320,8841,Leexo,13.41.35.48,Diğer,lcoyettoj,"rK6@6""3S"
Evyn Jephcote,6,121414,8345,Meevee,147.233.122.175,Diğer,ejephcoteok,lS1`BML|
Reinhold Goodlad,57,885252,4848,Zooveo,12.157.220.56,Diğer,rgoodladol,"tS8""B)NrM@ze"
Emera Eastman,41,496119,4089,Ozu,11.142.240.47,Acil,eeastmanom,vI4&!iRzjJo?z
Mair Tomczykowski,34,427141,7251,Zoozzy,165.136.112.87,65 Yaş Üstü,mtomczykowskion,cI0{$tnh{DXplP9L
Ferris Raise,24,37098,1064,Browsecat,46.180.189.201,65 Yaş Üstü,fraiseoo,"nS8=.$,Wn,FZouD)"
Boyd Abrami,55,435409,3777,Skaboo,198.166.174.90,65 Yaş Üstü,babramiop,zQ9`>S#p
Cristin Carsey,47,407676,9022,Zooxo,212.27.183.231,Acil,ccarseyoq,tP1#E|gsb1\*
Barbie Hardington,88,649705,3336,Feedbug,185.9.169.41,65 Yaş Üstü,bhardingtonor,cY4/GL~{o
Irv Greser,55,693703,8887,Gabtype,246.219.245.252,Hasta İstegi,igreseros,pI6&*x7R+
Griselda Dorkins,12,522056,1705,Dabshots,154.162.46.192,65 Yaş Üstü,gdorkinsot,"oJ4,!R@)Pxn_amN"
Ashlee Comben,67,715615,9753,Meevee,242.203.36.34,Hasta İstegi,acombenou,pN5.lRIr
Gabbie Dayley,21,502568,2479,Kimia,3.22.138.88,Acil,gdayleyov,yY2|Y@lVkE
Brigg Caser,23,728617,8193,Ozu,114.86.32.255,Hasta İstegi,bcaserow,fB3/5>G3i0%=p`
Ainslie Vanichkin,97,833369,4335,Quaxo,32.51.215.17,Acil,avanichkinox,yB0+iyfYl
Annabelle Leming,13,733859,6320,Riffpedia,239.227.112.234,Hasta İstegi,alemingoy,dL2{|47DG|
Rockwell Benion,84,121881,4473,Blogtag,40.236.106.17,Acil,rbenionoz,"zN9<j,!<K*F"""
Tripp Ortler,4,681690,3058,Voolia,202.150.123.57,Diğer,tortlerp0,wQ8)qmG>sSYQKKS
Leyla Christmas,66,212141,4790,Mymm,98.24.50.42,65 Yaş Üstü,lchristmasp1,"lX8+yWeTl08_,E"
Corrina Disbury,98,629772,4733,Vimbo,106.155.222.88,Diğer,cdisburyp2,tH0\@j&s@zX.#
Neall Bawden,58,1376,9615,Buzzbean,204.130.88.205,Hasta İstegi,nbawdenp3,wY1'nGX~JyQ#$
Elisa Talby,48,680082,1075,Twinte,87.223.90.110,Hasta İstegi,etalbyp4,eV2=EmFJj(
Beverie Warnes,4,476929,6440,Riffpath,237.201.132.56,Diğer,bwarnesp5,"bV1,q4P(zR9"
Virgilio Attrie,74,425644,7163,Jatri,86.82.36.204,Acil,vattriep6,"dG3""&i_$"
Carissa Speller,20,137295,5403,Reallinks,73.60.16.152,Hasta İstegi,cspellerp7,"zS9>ho#7@$`,xI2)"
Alia Iddy,77,323616,7891,Topicstorm,26.51.162.211,65 Yaş Üstü,aiddyp8,tW2}1W7p
Midge Dockerty,52,933788,1528,Gevee,204.68.22.153,Hasta İstegi,mdockertyp9,lN5'&Tbrm(+#4n6@
Stillmann Beaze,52,756020,2200,Quaxo,118.152.154.69,65 Yaş Üstü,sbeazepa,rD9.''YV
Brigit Winterson,7,458296,1607,Eimbee,190.22.206.85,65 Yaş Üstü,bwintersonpb,iA0>PqvNxH
Adiana Heathcote,85,846700,5327,Babbleset,4.9.14.212,65 Yaş Üstü,aheathcotepc,zK5}DlJSbF
Pamela Trevers,20,84940,8990,Wikido,12.164.71.100,Hasta İstegi,ptreverspd,"qJ9""p?&u0DH@v"
Hi Thorwarth,7,88268,7718,Tazz,88.59.86.38,Diğer,hthorwarthpe,cS5_/y@}L<Mq
Clerc Mayhou,44,861927,7514,Dabtype,230.181.135.131,Acil,cmayhoupf,qV1|dv{*'
Hally Birtchnell,88,549255,3422,Kazio,1.46.221.21,Diğer,hbirtchnellpg,"eL2+V,@at&0/Y"
Kitti Bodman,27,490167,7197,Edgeify,49.115.21.31,Diğer,kbodmanph,vG2*K?lEp7
Wadsworth Antalffy,27,598884,3058,JumpXS,229.77.95.112,Hasta İstegi,wantalffypi,oN5}p?b8yt`7_=cR
Bidget Farran,30,387123,9636,Rhynyx,15.25.79.158,65 Yaş Üstü,bfarranpj,uK1&oHG>$HG
Maible Bilson,58,188587,3647,Avaveo,226.52.120.135,65 Yaş Üstü,mbilsonpk,dW6>c$n>a7e
Xenos Godin,28,206200,1007,Linkbuzz,226.222.45.52,Acil,xgodinpl,"pM6)7,WWR1d"
Cheri Bellsham,83,736653,2865,Dynazzy,69.73.139.41,Acil,cbellshampm,hB9'F)Qq!
Maxy Dellenbach,3,493576,254,Yamia,0.109.17.190,65 Yaş Üstü,mdellenbachpn,aK8*OnMU|Jj~i0*&
Ambros Stilwell,34,107272,2197,Camido,76.85.106.167,Hasta İstegi,astilwellpo,"yT7<RVk5.,SZ"
Clerissa MacBarron,77,208111,1089,Edgeblab,207.65.197.9,Acil,cmacbarronpp,mX6}SQ?u
Alfredo Glendenning,15,988770,5532,Jamia,40.67.208.125,Acil,aglendenningpq,qO5*D?WC
Gaynor Witherbed,19,265414,2807,Ailane,128.43.66.242,Diğer,gwitherbedpr,vT1<uU34ad
Jaymie Gibson,34,330054,2204,Mybuzz,241.246.107.94,Hasta İstegi,jgibsonps,mK2@T>n'u*E+
Alberto MacNalley,33,432232,1689,Bluejam,240.106.186.102,Hasta İstegi,amacnalleypt,yH4}.#VJSU'u%SMn
Filmer Faloon,29,265223,5298,Eimbee,130.247.229.145,Hasta İstegi,ffaloonpu,uN1\=&2#OF?)1
Merralee Tamplin,31,542129,9812,DabZ,195.83.243.61,Acil,mtamplinpv,rZ8<fAGG|Ux
Faun Nickols,70,19342,2946,Gabtype,160.81.161.32,Diğer,fnickolspw,bL0~Zt'SV=R's+u
Robbie Meighan,45,264695,440,Mynte,152.40.137.208,Diğer,rmeighanpx,rH8|(e!jvzo8f
Adolf O'Neil,15,56900,9076,Roombo,45.197.118.200,Diğer,aoneilpy,eZ4#3=iik4Mhp
Doroteya Moran,37,517090,112,Bubbletube,39.127.60.29,65 Yaş Üstü,dmoranpz,"mU2,<X0CGkbH"
Harmonie Caswell,69,824490,8537,Npath,1.150.209.231,65 Yaş Üstü,hcaswellq0,pF4&ev.fCT9
Vitia Danks,20,618352,3417,Jaxbean,3.31.69.197,Acil,vdanksq1,vM4&=dC0
Dorothee Haxley,2,673286,3436,Realpoint,251.171.21.91,65 Yaş Üstü,dhaxleyq2,"eT3)G,~gx+~uBeN"
Tab Coggeshall,92,97062,6312,Gabtype,118.98.204.97,Acil,tcoggeshallq3,tO0~'.nThi
Adrienne Purrier,83,49185,9741,Flashdog,6.179.224.234,Diğer,apurrierq4,dG7)Jh{p<rfm~
Colby Screech,38,162118,4753,LiveZ,146.13.57.233,Diğer,cscreechq5,"dW4}>p8""Qpq>"
Chris Dorsett,71,457103,8676,Miboo,93.64.179.126,Diğer,cdorsettq6,tT8@om|7Q
Almeria Geale,31,335450,2710,Jetwire,29.194.11.9,Acil,agealeq7,uQ5`j1%>X(ws
Binni Andrault,0,109694,215,Oloo,162.114.59.249,Diğer,bandraultq8,sC6@9EmX7Q=Kq
Fitz Henriquet,15,881791,669,Rhycero,204.117.74.217,Diğer,fhenriquetq9,"yD2,&G4)&g|\R"
Joseito Slixby,62,438961,6410,Zoombox,157.145.55.43,65 Yaş Üstü,jslixbyqa,vQ3`)7CF6}'c
Micheil Beake,39,139796,3636,Mydeo,82.130.124.42,Acil,mbeakeqb,aJ5(y=c2
Meggie Walbridge,94,367312,8423,Gabcube,85.20.66.93,Hasta İstegi,mwalbridgeqc,pV6/LJW16S'p8
Gil Toohey,38,661437,9151,Katz,158.44.86.98,65 Yaş Üstü,gtooheyqd,pK2~)(!0mq7@
Andrus Eliez,47,735276,5560,Thoughtworks,201.28.62.240,Acil,aeliezqe,zX8/%I=LC!~33P
Issy Styan,64,629457,8694,Youbridge,100.64.26.75,Acil,istyanqf,qV0%JUi=.$~rt
Teresa Pavel,75,743501,2882,Wikido,92.23.87.181,65 Yaş Üstü,tpavelqg,jK6_UQMsy4nB
Inglis Errichi,50,951021,296,Camido,76.218.224.32,65 Yaş Üstü,ierrichiqh,pR1=b`kT?3!IZWhX
Jenine Stuehmeyer,93,347829,1775,Voonyx,6.162.114.51,Acil,jstuehmeyerqi,qP7>o`1Lp
Keslie Perrot,5,424981,5582,Blogtags,215.109.188.36,Acil,kperrotqj,"rW5""R71`I"
Dulcie Olenchenko,48,265189,6613,Skiptube,232.107.186.83,Hasta İstegi,dolenchenkoqk,jA8>xl(7F
Ramonda Barrow,44,964978,7209,Trilith,17.22.147.89,Hasta İstegi,rbarrowql,nC2>jUGE
Natalya Christauffour,11,470499,4407,Edgetag,236.243.233.28,65 Yaş Üstü,nchristauffourqm,gU3\2i2wRw+O@Y(Q
Tammie Sainthill,74,361268,5111,Yakidoo,232.29.112.130,Diğer,tsainthillqn,oQ8_+9W/%XL6%+@p
Gearalt Jemmett,8,37023,8497,Thoughtstorm,90.113.224.55,Diğer,gjemmettqo,aE8%xyja$'W
Tiphanie Menzies,8,297308,2209,Skivee,94.110.56.17,Diğer,tmenziesqp,kT4\S(aK*1{{h87
Hamnet Najera,70,777971,5665,Kwilith,172.150.87.134,65 Yaş Üstü,hnajeraqq,iE8'39BMo
Amory Emslie,90,363789,4669,Quaxo,33.163.28.96,65 Yaş Üstü,aemslieqr,aG0|xl{$c+>AeU\
Conny Fumagall,17,217212,3922,Eazzy,92.195.7.15,Acil,cfumagallqs,aF6\hrT4c
Tarrance Gilfillan,85,152988,8880,Divanoodle,196.152.101.60,65 Yaş Üstü,tgilfillanqt,sN0.{.#E
Raina Sumnall,4,772280,3041,Edgeclub,127.52.76.20,65 Yaş Üstü,rsumnallqu,vR6=Qef*=$
Alyse Couper,46,100871,3720,Dablist,113.178.145.205,Hasta İstegi,acouperqv,tI7&<TPS`_
Ab Skillings,100,35082,1331,Buzzshare,95.222.199.111,Diğer,askillingsqw,gE9?1JFSC
Willy Sockell,94,334011,1945,Riffwire,255.158.64.43,65 Yaş Üstü,wsockellqx,tK6}J6oq/hpkolq
Horatio Netherwood,5,237686,9731,Quimba,78.133.1.62,Acil,hnetherwoodqy,"dJ8)fUs?DHnOP,x"
Urbanus Woodgate,46,250552,2220,Flashpoint,142.66.221.22,Diğer,uwoodgateqz,"pW3+T3{"""
Josi Tarr,18,227199,8347,Browsezoom,167.189.217.101,Hasta İstegi,jtarrr0,vN2.ogS_c59T+!*p
Wilma Breslane,25,384447,1584,Brainlounge,182.78.231.16,65 Yaş Üstü,wbreslaner1,oJ5.ayn)N
Kellby Devanny,33,92198,1506,Browsebug,234.53.247.81,Acil,kdevannyr2,nF5(x1QwI
Stefan Robinson,38,874838,1988,Skaboo,206.38.119.213,Acil,srobinsonr3,wV8$VShMLvO
Maurizia Ibell,54,998169,4888,Mydeo,143.24.142.151,Diğer,mibellr4,"jR5""in@=@rE\JrZ"
Caralie Doers,31,160926,2378,Youopia,220.108.189.114,Hasta İstegi,cdoersr5,zW4\P3|v/7Th@
Laurice Vokins,21,902126,863,Realcube,241.134.65.86,Diğer,lvokinsr6,gW7?'b+E
Mace Dodamead,13,195818,1048,Muxo,196.94.59.110,Hasta İstegi,mdodameadr7,hI2\UbJ\J%n(
Brennen Pittendreigh,91,13471,265,Jaxspan,15.61.141.199,Hasta İstegi,bpittendreighr8,zH2)=X5H>B!
Ron Bloxsum,38,225780,606,Zooveo,56.246.253.206,Diğer,rbloxsumr9,"uU9,{ej*G9?Pt?"""
Cassey Preist,45,19083,3736,Ntag,24.210.7.178,Acil,cpreistra,uJ6#N!y?
Zahara Yandell,32,831582,5085,Aimbu,127.68.39.23,Diğer,zyandellrb,dI0<+*_k$
Licha Mewes,9,584627,6012,BlogXS,187.184.35.131,Acil,lmewesrc,cN0*(SvW
Yolande Bacup,28,338899,3136,Blogpad,194.28.90.27,65 Yaş Üstü,ybacuprd,oU6~Pzx3PzTN0+~S
Shirl Philpot,10,573378,5140,Twimm,102.70.116.108,Acil,sphilpotre,nO9.6gv|
Callida Vallintine,0,177308,6071,Thoughtmix,210.154.50.108,65 Yaş Üstü,cvallintinerf,dW4'QL/\iE
Tiphany McDool,55,639999,8783,Innotype,104.220.170.248,Diğer,tmcdoolrg,aG3|<8WA|'_FNaO
Ellynn Astlatt,11,27904,8139,DabZ,94.212.99.170,Acil,eastlattrh,qQ4'uJw+2I`
Hilary Hardeman,61,102649,1444,Eabox,53.104.160.109,Hasta İstegi,hhardemanri,yP5|?PPOaofC~f
Damiano Todaro,76,937935,9317,Skibox,242.176.214.140,65 Yaş Üstü,dtodarorj,lU0~sF@3o@m
Anastassia Biggans,68,664860,1024,Brainlounge,146.31.91.37,Hasta İstegi,abiggansrk,yP3!sis0jwh/%2\
Pandora Goacher,57,332977,8175,Yakijo,26.144.217.21,Acil,pgoacherrl,"hM3`""WzJNAL/,"
Cecilia Finnis,27,179541,6712,Jamia,73.141.205.241,Hasta İstegi,cfinnisrm,sH4&LG!Ty8Gs
Berkie Carabine,10,262457,7761,Meeveo,129.203.150.228,Acil,bcarabinern,lX0_x/FRj'
Gar Vasilevich,37,412499,1883,Yadel,226.61.116.243,Hasta İstegi,gvasilevichro,sK4|U7k.EA
Ernst Dunbar,81,426126,1672,Mita,82.162.230.198,Diğer,edunbarrp,"eO7&,kuWH{"
Frank Tixier,56,136396,7977,Jabberbean,189.117.57.142,65 Yaş Üstü,ftixierrq,"aT4#4x""@WvfPle/"
Gavrielle Winny,5,956279,5579,Mita,86.3.215.99,Hasta İstegi,gwinnyrr,mU9.U1xD._14
